id,name,icon,type,career,description,quality,qualityLv,useLv,attr_1,attr_2,attr_3,attr_4,price,special_hero,baseAttrType,baseAttrValue,is_advance,next_id,material,unload_diamond,recast_material,gen_type,gen_lock
12031115,sheet_equipment.name.315,fashi_wuqi_3,1,3,sheet_equipment.description.315,5,0,1,310150,310151,310152,0,30,120,2,316,0,0,0,9:0:200:0,4:10350:4:0,2;3,1;1
11001,sheet_equipment.name.111,fangyu_wuqi_1,1,1,sheet_equipment.description.111,1,0,1,110010,110011,110012,0,2,0,1,6,0,11002,4:10310:1:0,0,4:10350:1:0,2;3,0;0
21001,sheet_equipment.name.211,wuli_wuqi_1,1,2,sheet_equipment.description.211,1,0,1,210010,210011,210012,0,2,0,1,8,0,21002,4:10310:1:0,0,4:10350:1:0,2;3,0;0
31001,sheet_equipment.name.311,fashi_wuqi_1,1,3,sheet_equipment.description.311,1,0,1,310010,310011,310012,0,2,0,2,10,0,31002,4:10311:1:0,0,4:10350:1:0,2;3,0;0
41001,sheet_equipment.name.411,fuzhu_wuqi_1,1,4,sheet_equipment.description.411,1,0,1,410010,410011,410012,0,2,0,2,7,0,41002,4:10311:1:0,0,4:10350:1:0,2;3,0;0
51001,sheet_equipment.name.511,zonghe_wuqi_1,1,5,sheet_equipment.description.511,1,0,1,510010,510011,510012,0,2,0,1,8,0,51002,4:10310:1:0,0,4:10350:1:0,2;3,0;0
12001,sheet_equipment.name.121,fangyu_yi_1,2,1,sheet_equipment.description.121,1,0,1,120010,120011,120012,0,2,0,3,5,0,12002,4:10310:1:0,0,4:10350:1:0,1;3,0;0
22001,sheet_equipment.name.221,wuli_yi_1,2,2,sheet_equipment.description.221,1,0,1,220010,220011,220012,0,2,0,3,3,0,22002,4:10310:1:0,0,4:10350:1:0,1;3,0;0
32001,sheet_equipment.name.321,fashi_yi_1,2,3,sheet_equipment.description.321,1,0,1,320010,320011,320012,0,2,0,3,3,0,32002,4:10311:1:0,0,4:10350:1:0,1;3,0;0
42001,sheet_equipment.name.421,fuzhu_yi_1,2,4,sheet_equipment.description.421,1,0,1,420010,420011,420012,0,2,0,3,3,0,42002,4:10311:1:0,0,4:10350:1:0,1;3,0;0
52001,sheet_equipment.name.521,zonghe_yi_1,2,5,sheet_equipment.description.521,1,0,1,520010,520011,520012,0,2,0,3,4,0,52002,4:10310:1:0,0,4:10350:1:0,1;3,0;0
13001,sheet_equipment.name.131,fangyu_jie_1,3,1,sheet_equipment.description.131,1,0,1,130010,130011,130012,0,2,0,0,63,0,13002,4:10310:1:0,0,4:10350:1:0,1;2,0;0
23001,sheet_equipment.name.231,wuli_jie_1,3,2,sheet_equipment.description.231,1,0,1,230010,230011,230012,0,2,0,0,44,0,23002,4:10310:1:0,0,4:10350:1:0,1;2,0;0
33001,sheet_equipment.name.331,fashi_jie_1,3,3,sheet_equipment.description.331,1,0,1,330010,330011,330012,0,2,0,0,34,0,33002,4:10311:1:0,0,4:10350:1:0,1;2,0;0
43001,sheet_equipment.name.431,fuzhu_jie_1,3,4,sheet_equipment.description.431,1,0,1,430010,430011,430012,0,2,0,0,37,0,43002,4:10311:1:0,0,4:10350:1:0,1;2,0;0
53001,sheet_equipment.name.531,zonghe_jie_1,3,5,sheet_equipment.description.531,1,0,1,530010,530011,530012,0,2,0,0,56,0,53002,4:10310:1:0,0,4:10350:1:0,1;2,0;0
11002,sheet_equipment.name.111,fangyu_wuqi_1,1,1,sheet_equipment.description.111,1,1,1,110020,110021,110022,0,4,0,1,13,1,11003,4:10310:1:0;4:10300:1:0,0,4:10350:1:0,2;3,0;0
21002,sheet_equipment.name.211,wuli_wuqi_1,1,2,sheet_equipment.description.211,1,1,1,210020,210021,210022,0,4,0,1,17,1,21003,4:10310:1:0;4:10300:1:0,0,4:10350:1:0,2;3,0;0
31002,sheet_equipment.name.311,fashi_wuqi_1,1,3,sheet_equipment.description.311,1,1,1,310020,310021,310022,0,4,0,2,21,1,31003,4:10311:1:0;4:10300:1:0,0,4:10350:1:0,2;3,0;0
41002,sheet_equipment.name.411,fuzhu_wuqi_1,1,4,sheet_equipment.description.411,1,1,1,410020,410021,410022,0,4,0,2,15,1,41003,4:10311:1:0;4:10300:1:0,0,4:10350:1:0,2;3,0;0
51002,sheet_equipment.name.511,zonghe_wuqi_1,1,5,sheet_equipment.description.511,1,1,1,510020,510021,510022,0,4,0,1,16,1,51003,4:10310:1:0;4:10300:1:0,0,4:10350:1:0,2;3,0;0
12002,sheet_equipment.name.121,fangyu_yi_1,2,1,sheet_equipment.description.121,1,1,1,120020,120021,120022,0,4,0,3,11,1,12003,4:10310:1:0;4:10300:1:0,0,4:10350:1:0,1;3,0;0
22002,sheet_equipment.name.221,wuli_yi_1,2,2,sheet_equipment.description.221,1,1,1,220020,220021,220022,0,4,0,3,7,1,22003,4:10310:1:0;4:10300:1:0,0,4:10350:1:0,1;3,0;0
32002,sheet_equipment.name.321,fashi_yi_1,2,3,sheet_equipment.description.321,1,1,1,320020,320021,320022,0,4,0,3,6,1,32003,4:10311:1:0;4:10300:1:0,0,4:10350:1:0,1;3,0;0
42002,sheet_equipment.name.421,fuzhu_yi_1,2,4,sheet_equipment.description.421,1,1,1,420020,420021,420022,0,4,0,3,6,1,42003,4:10311:1:0;4:10300:1:0,0,4:10350:1:0,1;3,0;0
52002,sheet_equipment.name.521,zonghe_yi_1,2,5,sheet_equipment.description.521,1,1,1,520020,520021,520022,0,4,0,3,9,1,52003,4:10310:1:0;4:10300:1:0,0,4:10350:1:0,1;3,0;0
13002,sheet_equipment.name.131,fangyu_jie_1,3,1,sheet_equipment.description.131,1,1,1,130020,130021,130022,0,4,0,0,126,1,13003,4:10310:1:0;4:10300:1:0,0,4:10350:1:0,1;2,0;0
23002,sheet_equipment.name.231,wuli_jie_1,3,2,sheet_equipment.description.231,1,1,1,230020,230021,230022,0,4,0,0,88,1,23003,4:10310:1:0;4:10300:1:0,0,4:10350:1:0,1;2,0;0
33002,sheet_equipment.name.331,fashi_jie_1,3,3,sheet_equipment.description.331,1,1,1,330020,330021,330022,0,4,0,0,68,1,33003,4:10311:1:0;4:10300:1:0,0,4:10350:1:0,1;2,0;0
43002,sheet_equipment.name.431,fuzhu_jie_1,3,4,sheet_equipment.description.431,1,1,1,430020,430021,430022,0,4,0,0,74,1,43003,4:10311:1:0;4:10300:1:0,0,4:10350:1:0,1;2,0;0
53002,sheet_equipment.name.531,zonghe_jie_1,3,5,sheet_equipment.description.531,1,1,4,530020,530021,530022,0,4,0,0,113,1,53003,4:10310:1:0;4:10300:1:0,0,4:10350:1:0,1;2,0;0
11003,sheet_equipment.name.112,fangyu_wuqi_1,1,1,sheet_equipment.description.112,2,0,4,110030,110031,110032,0,6,0,1,24,0,11004,4:10312:1:0;4:10313:1:0,0,4:10350:1:0,2;3,1;0
21003,sheet_equipment.name.212,wuli_wuqi_1,1,2,sheet_equipment.description.212,2,0,4,210030,210031,210032,0,6,0,1,32,0,21004,4:10312:1:0;4:10313:1:0,0,4:10350:1:0,2;3,1;0
31003,sheet_equipment.name.312,fashi_wuqi_1,1,3,sheet_equipment.description.312,2,0,4,310030,310031,310032,0,6,0,2,38,0,31004,4:10314:1:0;4:10315:1:0,0,4:10350:1:0,2;3,1;0
41003,sheet_equipment.name.412,fuzhu_wuqi_1,1,4,sheet_equipment.description.412,2,0,4,410030,410031,410032,0,6,0,2,28,0,41004,4:10314:1:0;4:10315:1:0,0,4:10350:1:0,2;3,1;0
51003,sheet_equipment.name.512,zonghe_wuqi_1,1,5,sheet_equipment.description.512,2,0,2,510030,510031,510032,0,6,0,1,30,0,51004,4:10312:1:0;4:10313:1:0,0,4:10350:1:0,2;3,1;0
12003,sheet_equipment.name.122,fangyu_yi_1,2,1,sheet_equipment.description.122,2,0,2,120030,120031,120032,0,6,0,3,20,0,12004,4:10312:1:0;4:10313:1:0,0,4:10350:1:0,1;3,1;0
22003,sheet_equipment.name.222,wuli_yi_1,2,2,sheet_equipment.description.222,2,0,2,220030,220031,220032,0,6,0,3,13,0,22004,4:10312:1:0;4:10313:1:0,0,4:10350:1:0,1;3,1;0
32003,sheet_equipment.name.322,fashi_yi_1,2,3,sheet_equipment.description.322,2,0,2,320030,320031,320032,0,6,0,3,12,0,32004,4:10314:1:0;4:10315:1:0,0,4:10350:1:0,1;3,1;0
42003,sheet_equipment.name.422,fuzhu_yi_1,2,4,sheet_equipment.description.422,2,0,2,420030,420031,420032,0,6,0,3,11,0,42004,4:10314:1:0;4:10315:1:0,0,4:10350:1:0,1;3,1;0
52003,sheet_equipment.name.522,zonghe_yi_1,2,5,sheet_equipment.description.522,2,0,3,520030,520031,520032,0,6,0,3,17,0,52004,4:10312:1:0;4:10313:1:0,0,4:10350:1:0,1;3,1;0
13003,sheet_equipment.name.132,fangyu_jie_1,3,1,sheet_equipment.description.132,2,0,3,130030,130031,130032,0,6,0,0,232,0,13004,4:10312:1:0;4:10313:1:0,0,4:10350:1:0,1;2,1;0
23003,sheet_equipment.name.232,wuli_jie_1,3,2,sheet_equipment.description.232,2,0,3,230030,230031,230032,0,6,0,0,163,0,23004,4:10312:1:0;4:10313:1:0,0,4:10350:1:0,1;2,1;0
33003,sheet_equipment.name.332,fashi_jie_1,3,3,sheet_equipment.description.332,2,0,3,330030,330031,330032,0,6,0,0,125,0,33004,4:10314:1:0;4:10315:1:0,0,4:10350:1:0,1;2,1;0
43003,sheet_equipment.name.432,fuzhu_jie_1,3,4,sheet_equipment.description.432,2,0,3,430030,430031,430032,0,6,0,0,136,0,43004,4:10314:1:0;4:10315:1:0,0,4:10350:1:0,1;2,1;0
53003,sheet_equipment.name.532,zonghe_jie_1,3,5,sheet_equipment.description.532,2,0,8,530030,530031,530032,0,6,0,0,207,0,53004,4:10312:1:0;4:10313:1:0,0,4:10350:1:0,1;2,1;0
11004,sheet_equipment.name.112,fangyu_wuqi_1,1,1,sheet_equipment.description.112,2,1,8,110040,110041,110042,0,8,0,1,35,0,11005,4:10312:2:0;4:10313:1:0,0,4:10350:1:0,2;3,1;0
21004,sheet_equipment.name.212,wuli_wuqi_1,1,2,sheet_equipment.description.212,2,1,8,210040,210041,210042,0,8,0,1,47,0,21005,4:10312:2:0;4:10313:1:0,0,4:10350:1:0,2;3,1;0
31004,sheet_equipment.name.312,fashi_wuqi_1,1,3,sheet_equipment.description.312,2,1,8,310040,310041,310042,0,8,0,2,56,0,31005,4:10314:2:0;4:10315:1:0,0,4:10350:1:0,2;3,1;0
41004,sheet_equipment.name.412,fuzhu_wuqi_1,1,4,sheet_equipment.description.412,2,1,8,410040,410041,410042,0,8,0,2,41,0,41005,4:10314:2:0;4:10315:1:0,0,4:10350:1:0,2;3,1;0
51004,sheet_equipment.name.512,zonghe_wuqi_1,1,5,sheet_equipment.description.512,2,1,6,510040,510041,510042,0,8,0,1,45,0,51005,4:10312:2:0;4:10313:1:0,0,4:10350:1:0,2;3,1;0
12004,sheet_equipment.name.122,fangyu_yi_1,2,1,sheet_equipment.description.122,2,1,6,120040,120041,120042,0,8,0,3,29,0,12005,4:10312:2:0;4:10313:1:0,0,4:10350:1:0,1;3,1;0
22004,sheet_equipment.name.222,wuli_yi_1,2,2,sheet_equipment.description.222,2,1,6,220040,220041,220042,0,8,0,3,20,0,22005,4:10312:2:0;4:10313:1:0,0,4:10350:1:0,1;3,1;0
32004,sheet_equipment.name.322,fashi_yi_1,2,3,sheet_equipment.description.322,2,1,6,320040,320041,320042,0,8,0,3,18,0,32005,4:10314:2:0;4:10315:1:0,0,4:10350:1:0,1;3,1;0
42004,sheet_equipment.name.422,fuzhu_yi_1,2,4,sheet_equipment.description.422,2,1,6,420040,420041,420042,0,8,0,3,17,0,42005,4:10314:2:0;4:10315:1:0,0,4:10350:1:0,1;3,1;0
52004,sheet_equipment.name.522,zonghe_yi_1,2,5,sheet_equipment.description.522,2,1,7,520040,520041,520042,0,8,0,3,26,0,52005,4:10312:2:0;4:10313:1:0,0,4:10350:1:0,1;3,1;0
13004,sheet_equipment.name.132,fangyu_jie_1,3,1,sheet_equipment.description.132,2,1,7,130040,130041,130042,0,8,0,0,337,0,13005,4:10312:2:0;4:10313:1:0,0,4:10350:1:0,1;2,1;0
23004,sheet_equipment.name.232,wuli_jie_1,3,2,sheet_equipment.description.232,2,1,7,230040,230041,230042,0,8,0,0,237,0,23005,4:10312:2:0;4:10313:1:0,0,4:10350:1:0,1;2,1;0
33004,sheet_equipment.name.332,fashi_jie_1,3,3,sheet_equipment.description.332,2,1,7,330040,330041,330042,0,8,0,0,182,0,33005,4:10314:2:0;4:10315:1:0,0,4:10350:1:0,1;2,1;0
43004,sheet_equipment.name.432,fuzhu_jie_1,3,4,sheet_equipment.description.432,2,1,7,430040,430041,430042,0,8,0,0,198,0,43005,4:10314:2:0;4:10315:1:0,0,4:10350:1:0,1;2,1;0
53004,sheet_equipment.name.532,zonghe_jie_1,3,5,sheet_equipment.description.532,2,1,12,530040,530041,530042,0,8,0,0,301,0,53005,4:10312:2:0;4:10313:1:0,0,4:10350:1:0,1;2,1;0
11005,sheet_equipment.name.112,fangyu_wuqi_1,1,1,sheet_equipment.description.112,2,2,12,110050,110051,110052,0,10,0,1,46,1,11006,4:10312:3:0;4:10313:2:0;4:10301:1:0,0,4:10350:1:0,2;3,1;1
21005,sheet_equipment.name.212,wuli_wuqi_1,1,2,sheet_equipment.description.212,2,2,12,210050,210051,210052,0,10,0,1,62,1,21006,4:10312:3:0;4:10313:2:0;4:10301:1:0,0,4:10350:1:0,2;3,1;1
31005,sheet_equipment.name.312,fashi_wuqi_1,1,3,sheet_equipment.description.312,2,2,12,310050,310051,310052,0,10,0,2,73,1,31006,4:10314:3:0;4:10315:2:0;4:10301:1:0,0,4:10350:1:0,2;3,1;1
41005,sheet_equipment.name.412,fuzhu_wuqi_1,1,4,sheet_equipment.description.412,2,2,12,410050,410051,410052,0,10,0,2,54,1,41006,4:10314:3:0;4:10315:2:0;4:10301:1:0,0,4:10350:1:0,2;3,1;1
51005,sheet_equipment.name.512,zonghe_wuqi_1,1,5,sheet_equipment.description.512,2,2,10,510050,510051,510052,0,10,0,1,59,1,51006,4:10312:3:0;4:10313:2:0;4:10301:1:0,0,4:10350:1:0,2;3,1;1
12005,sheet_equipment.name.122,fangyu_yi_1,2,1,sheet_equipment.description.122,2,2,10,120050,120051,120052,0,10,0,3,39,1,12006,4:10312:3:0;4:10313:2:0;4:10301:1:0,0,4:10350:1:0,1;3,1;1
22005,sheet_equipment.name.222,wuli_yi_1,2,2,sheet_equipment.description.222,2,2,10,220050,220051,220052,0,10,0,3,26,1,22006,4:10312:3:0;4:10313:2:0;4:10301:1:0,0,4:10350:1:0,1;3,1;1
32005,sheet_equipment.name.322,fashi_yi_1,2,3,sheet_equipment.description.322,2,2,10,320050,320051,320052,0,10,0,3,23,1,32006,4:10314:3:0;4:10315:2:0;4:10301:1:0,0,4:10350:1:0,1;3,1;1
42005,sheet_equipment.name.422,fuzhu_yi_1,2,4,sheet_equipment.description.422,2,2,10,420050,420051,420052,0,10,0,3,22,1,42006,4:10314:3:0;4:10315:2:0;4:10301:1:0,0,4:10350:1:0,1;3,1;1
52005,sheet_equipment.name.522,zonghe_yi_1,2,5,sheet_equipment.description.522,2,2,11,520050,520051,520052,0,10,0,3,34,1,52006,4:10312:3:0;4:10313:2:0;4:10301:1:0,0,4:10350:1:0,1;3,1;1
13005,sheet_equipment.name.132,fangyu_jie_1,3,1,sheet_equipment.description.132,2,2,11,130050,130051,130052,0,10,0,0,443,1,13006,4:10312:3:0;4:10313:2:0;4:10301:1:0,0,4:10350:1:0,1;2,1;1
23005,sheet_equipment.name.232,wuli_jie_1,3,2,sheet_equipment.description.232,2,2,11,230050,230051,230052,0,10,0,0,311,1,23006,4:10312:3:0;4:10313:2:0;4:10301:1:0,0,4:10350:1:0,1;2,1;1
33005,sheet_equipment.name.332,fashi_jie_1,3,3,sheet_equipment.description.332,2,2,11,330050,330051,330052,0,10,0,0,239,1,33006,4:10314:3:0;4:10315:2:0;4:10301:1:0,0,4:10350:1:0,1;2,1;1
43005,sheet_equipment.name.432,fuzhu_jie_1,3,4,sheet_equipment.description.432,2,2,11,430050,430051,430052,0,10,0,0,260,1,43006,4:10314:3:0;4:10315:2:0;4:10301:1:0,0,4:10350:1:0,1;2,1;1
53005,sheet_equipment.name.532,zonghe_jie_1,3,5,sheet_equipment.description.532,2,2,16,530050,530051,530052,0,10,0,0,396,1,53006,4:10312:3:0;4:10313:2:0;4:10301:1:0,0,4:10350:1:0,1;2,1;1
11006,sheet_equipment.name.113,fangyu_wuqi_2,1,1,sheet_equipment.description.113,3,0,16,110060,110061,110062,0,12,0,1,62,0,11007,4:10316:6:0;4:10317:3:0,9:0:2:0,4:10350:1:0,2;3,1;1
21006,sheet_equipment.name.213,wuli_wuqi_2,1,2,sheet_equipment.description.213,3,0,16,210060,210061,210062,0,12,0,1,82,0,21007,4:10316:6:0;4:10317:3:0,9:0:2:0,4:10350:1:0,2;3,1;1
31006,sheet_equipment.name.313,fashi_wuqi_2,1,3,sheet_equipment.description.313,3,0,16,310060,310061,310062,0,12,0,2,98,0,31007,4:10318:6:0;4:10319:3:0,9:0:2:0,4:10350:1:0,2;3,1;1
41006,sheet_equipment.name.413,fuzhu_wuqi_2,1,4,sheet_equipment.description.413,3,0,16,410060,410061,410062,0,12,0,2,72,0,41007,4:10318:6:0;4:10319:3:0,9:0:2:0,4:10350:1:0,2;3,1;1
51006,sheet_equipment.name.513,zonghe_wuqi_2,1,5,sheet_equipment.description.513,3,0,14,510060,510061,510062,0,12,0,1,78,0,51007,4:10316:6:0;4:10317:3:0,9:0:2:0,4:10350:1:0,2;3,1;1
12006,sheet_equipment.name.123,fangyu_yi_2,2,1,sheet_equipment.description.123,3,0,14,120060,120061,120062,0,12,0,3,52,0,12007,4:10316:6:0;4:10317:3:0,9:0:2:0,4:10350:1:0,1;3,1;1
22006,sheet_equipment.name.223,wuli_yi_2,2,2,sheet_equipment.description.223,3,0,14,220060,220061,220062,0,12,0,3,35,0,22007,4:10316:6:0;4:10317:3:0,9:0:2:0,4:10350:1:0,1;3,1;1
32006,sheet_equipment.name.323,fashi_yi_2,2,3,sheet_equipment.description.323,3,0,14,320060,320061,320062,0,12,0,3,31,0,32007,4:10318:6:0;4:10319:3:0,9:0:2:0,4:10350:1:0,1;3,1;1
42006,sheet_equipment.name.423,fuzhu_yi_2,2,4,sheet_equipment.description.423,3,0,14,420060,420061,420062,0,12,0,3,30,0,42007,4:10318:6:0;4:10319:3:0,9:0:2:0,4:10350:1:0,1;3,1;1
52006,sheet_equipment.name.523,zonghe_yi_2,2,5,sheet_equipment.description.523,3,0,15,520060,520061,520062,0,12,0,3,45,0,52007,4:10316:6:0;4:10317:3:0,9:0:2:0,4:10350:1:0,1;3,1;1
13006,sheet_equipment.name.133,fangyu_jie_2,3,1,sheet_equipment.description.133,3,0,15,130060,130061,130062,0,12,0,0,590,0,13007,4:10316:6:0;4:10317:3:0,9:0:2:0,4:10350:1:0,1;2,1;1
23006,sheet_equipment.name.233,wuli_jie_2,3,2,sheet_equipment.description.233,3,0,15,230060,230061,230062,0,12,0,0,415,0,23007,4:10316:6:0;4:10317:3:0,9:0:2:0,4:10350:1:0,1;2,1;1
33006,sheet_equipment.name.333,fashi_jie_2,3,3,sheet_equipment.description.333,3,0,15,330060,330061,330062,0,12,0,0,319,0,33007,4:10318:6:0;4:10319:3:0,9:0:2:0,4:10350:1:0,1;2,1;1
43006,sheet_equipment.name.433,fuzhu_jie_2,3,4,sheet_equipment.description.433,3,0,15,430060,430061,430062,0,12,0,0,347,0,43007,4:10318:6:0;4:10319:3:0,9:0:2:0,4:10350:1:0,1;2,1;1
53006,sheet_equipment.name.533,zonghe_jie_2,3,5,sheet_equipment.description.533,3,0,20,530060,530061,530062,0,12,0,0,528,0,53007,4:10316:6:0;4:10317:3:0,9:0:2:0,4:10350:1:0,1;2,1;1
11007,sheet_equipment.name.113,fangyu_wuqi_2,1,1,sheet_equipment.description.113,3,1,20,110070,110071,110072,0,14,0,1,78,0,11008,4:10316:7:0;4:10317:4:0,9:0:2:0,4:10350:1:0,2;3,1;1
21007,sheet_equipment.name.213,wuli_wuqi_2,1,2,sheet_equipment.description.213,3,1,20,210070,210071,210072,0,14,0,1,103,0,21008,4:10316:7:0;4:10317:4:0,9:0:2:0,4:10350:1:0,2;3,1;1
31007,sheet_equipment.name.313,fashi_wuqi_2,1,3,sheet_equipment.description.313,3,1,20,310070,310071,310072,0,14,0,2,123,0,31008,4:10318:7:0;4:10319:4:0,9:0:2:0,4:10350:1:0,2;3,1;1
41007,sheet_equipment.name.413,fuzhu_wuqi_2,1,4,sheet_equipment.description.413,3,1,20,410070,410071,410072,0,14,0,2,90,0,41008,4:10318:7:0;4:10319:4:0,9:0:2:0,4:10350:1:0,2;3,1;1
51007,sheet_equipment.name.513,zonghe_wuqi_2,1,5,sheet_equipment.description.513,3,1,18,510070,510071,510072,0,14,0,1,98,0,51008,4:10316:7:0;4:10317:4:0,9:0:2:0,4:10350:1:0,2;3,1;1
12007,sheet_equipment.name.123,fangyu_yi_2,2,1,sheet_equipment.description.123,3,1,18,120070,120071,120072,0,14,0,3,65,0,12008,4:10316:7:0;4:10317:4:0,9:0:2:0,4:10350:1:0,1;3,1;1
22007,sheet_equipment.name.223,wuli_yi_2,2,2,sheet_equipment.description.223,3,1,18,220070,220071,220072,0,14,0,3,44,0,22008,4:10316:7:0;4:10317:4:0,9:0:2:0,4:10350:1:0,1;3,1;1
32007,sheet_equipment.name.323,fashi_yi_2,2,3,sheet_equipment.description.323,3,1,18,320070,320071,320072,0,14,0,3,39,0,32008,4:10318:7:0;4:10319:4:0,9:0:2:0,4:10350:1:0,1;3,1;1
42007,sheet_equipment.name.423,fuzhu_yi_2,2,4,sheet_equipment.description.423,3,1,18,420070,420071,420072,0,14,0,3,38,0,42008,4:10318:7:0;4:10319:4:0,9:0:2:0,4:10350:1:0,1;3,1;1
52007,sheet_equipment.name.523,zonghe_yi_2,2,5,sheet_equipment.description.523,3,1,19,520070,520071,520072,0,14,0,3,57,0,52008,4:10316:7:0;4:10317:4:0,9:0:2:0,4:10350:1:0,1;3,1;1
13007,sheet_equipment.name.133,fangyu_jie_2,3,1,sheet_equipment.description.133,3,1,19,130070,130071,130072,0,14,0,0,738,0,13008,4:10316:7:0;4:10317:4:0,9:0:2:0,4:10350:1:0,1;2,1;1
23007,sheet_equipment.name.233,wuli_jie_2,3,2,sheet_equipment.description.233,3,1,19,230070,230071,230072,0,14,0,0,518,0,23008,4:10316:7:0;4:10317:4:0,9:0:2:0,4:10350:1:0,1;2,1;1
33007,sheet_equipment.name.333,fashi_jie_2,3,3,sheet_equipment.description.333,3,1,19,330070,330071,330072,0,14,0,0,399,0,33008,4:10318:7:0;4:10319:4:0,9:0:2:0,4:10350:1:0,1;2,1;1
43007,sheet_equipment.name.433,fuzhu_jie_2,3,4,sheet_equipment.description.433,3,1,19,430070,430071,430072,0,14,0,0,434,0,43008,4:10318:7:0;4:10319:4:0,9:0:2:0,4:10350:1:0,1;2,1;1
53007,sheet_equipment.name.533,zonghe_jie_2,3,5,sheet_equipment.description.533,3,1,24,530070,530071,530072,0,14,0,0,660,0,53008,4:10316:7:0;4:10317:4:0,9:0:2:0,4:10350:1:0,1;2,1;1
11008,sheet_equipment.name.113,fangyu_wuqi_2,1,1,sheet_equipment.description.113,3,2,24,110080,110081,110082,0,16,0,1,93,0,11009,4:10316:9:0;4:10317:5:0,9:0:2:0,4:10350:1:0,2;3,1;1
21008,sheet_equipment.name.213,wuli_wuqi_2,1,2,sheet_equipment.description.213,3,2,24,210080,210081,210082,0,16,0,1,124,0,21009,4:10316:9:0;4:10317:5:0,9:0:2:0,4:10350:1:0,2;3,1;1
31008,sheet_equipment.name.313,fashi_wuqi_2,1,3,sheet_equipment.description.313,3,2,24,310080,310081,310082,0,16,0,2,147,0,31009,4:10318:9:0;4:10319:5:0,9:0:2:0,4:10350:1:0,2;3,1;1
41008,sheet_equipment.name.413,fuzhu_wuqi_2,1,4,sheet_equipment.description.413,3,2,24,410080,410081,410082,0,16,0,2,108,0,41009,4:10318:9:0;4:10319:5:0,9:0:2:0,4:10350:1:0,2;3,1;1
51008,sheet_equipment.name.513,zonghe_wuqi_2,1,5,sheet_equipment.description.513,3,2,22,510080,510081,510082,0,16,0,1,118,0,51009,4:10316:9:0;4:10317:5:0,9:0:2:0,4:10350:1:0,2;3,1;1
12008,sheet_equipment.name.123,fangyu_yi_2,2,1,sheet_equipment.description.123,3,2,22,120080,120081,120082,0,16,0,3,78,0,12009,4:10316:9:0;4:10317:5:0,9:0:2:0,4:10350:1:0,1;3,1;1
22008,sheet_equipment.name.223,wuli_yi_2,2,2,sheet_equipment.description.223,3,2,22,220080,220081,220082,0,16,0,3,53,0,22009,4:10316:9:0;4:10317:5:0,9:0:2:0,4:10350:1:0,1;3,1;1
32008,sheet_equipment.name.323,fashi_yi_2,2,3,sheet_equipment.description.323,3,2,22,320080,320081,320082,0,16,0,3,47,0,32009,4:10318:9:0;4:10319:5:0,9:0:2:0,4:10350:1:0,1;3,1;1
42008,sheet_equipment.name.423,fuzhu_yi_2,2,4,sheet_equipment.description.423,3,2,22,420080,420081,420082,0,16,0,3,45,0,42009,4:10318:9:0;4:10319:5:0,9:0:2:0,4:10350:1:0,1;3,1;1
52008,sheet_equipment.name.523,zonghe_yi_2,2,5,sheet_equipment.description.523,3,2,23,520080,520081,520082,0,16,0,3,68,0,52009,4:10316:9:0;4:10317:5:0,9:0:2:0,4:10350:1:0,1;3,1;1
13008,sheet_equipment.name.133,fangyu_jie_2,3,1,sheet_equipment.description.133,3,2,23,130080,130081,130082,0,16,0,0,886,0,13009,4:10316:9:0;4:10317:5:0,9:0:2:0,4:10350:1:0,1;2,1;1
23008,sheet_equipment.name.233,wuli_jie_2,3,2,sheet_equipment.description.233,3,2,23,230080,230081,230082,0,16,0,0,622,0,23009,4:10316:9:0;4:10317:5:0,9:0:2:0,4:10350:1:0,1;2,1;1
33008,sheet_equipment.name.333,fashi_jie_2,3,3,sheet_equipment.description.333,3,2,23,330080,330081,330082,0,16,0,0,479,0,33009,4:10318:9:0;4:10319:5:0,9:0:2:0,4:10350:1:0,1;2,1;1
43008,sheet_equipment.name.433,fuzhu_jie_2,3,4,sheet_equipment.description.433,3,2,23,430080,430081,430082,0,16,0,0,521,0,43009,4:10318:9:0;4:10319:5:0,9:0:2:0,4:10350:1:0,1;2,1;1
53008,sheet_equipment.name.533,zonghe_jie_2,3,5,sheet_equipment.description.533,3,2,28,530080,530081,530082,0,16,0,0,792,0,53009,4:10316:9:0;4:10317:5:0,9:0:2:0,4:10350:1:0,1;2,1;1
11009,sheet_equipment.name.113,fangyu_wuqi_2,1,1,sheet_equipment.description.113,3,3,28,110090,110091,110092,0,18,0,1,109,1,11010,4:10316:11:0;4:10317:6:0;4:10302:1:0,9:0:2:0,4:10350:1:0,2;3,1;1
21009,sheet_equipment.name.213,wuli_wuqi_2,1,2,sheet_equipment.description.213,3,3,28,210090,210091,210092,0,18,0,1,144,1,21010,4:10316:11:0;4:10317:6:0;4:10302:1:0,9:0:2:0,4:10350:1:0,2;3,1;1
31009,sheet_equipment.name.313,fashi_wuqi_2,1,3,sheet_equipment.description.313,3,3,28,310090,310091,310092,0,18,0,2,172,1,31010,4:10318:11:0;4:10319:6:0;4:10302:1:0,9:0:2:0,4:10350:1:0,2;3,1;1
41009,sheet_equipment.name.413,fuzhu_wuqi_2,1,4,sheet_equipment.description.413,3,3,28,410090,410091,410092,0,18,0,2,126,1,41010,4:10318:11:0;4:10319:6:0;4:10302:1:0,9:0:2:0,4:10350:1:0,2;3,1;1
51009,sheet_equipment.name.513,zonghe_wuqi_2,1,5,sheet_equipment.description.513,3,3,26,510090,510091,510092,0,18,0,1,137,1,51010,4:10316:11:0;4:10317:6:0;4:10302:1:0,9:0:2:0,4:10350:1:0,2;3,1;1
12009,sheet_equipment.name.123,fangyu_yi_2,2,1,sheet_equipment.description.123,3,3,26,120090,120091,120092,0,18,0,3,91,1,12010,4:10316:11:0;4:10317:6:0;4:10302:1:0,9:0:2:0,4:10350:1:0,1;3,1;1
22009,sheet_equipment.name.223,wuli_yi_2,2,2,sheet_equipment.description.223,3,3,26,220090,220091,220092,0,18,0,3,62,1,22010,4:10316:11:0;4:10317:6:0;4:10302:1:0,9:0:2:0,4:10350:1:0,1;3,1;1
32009,sheet_equipment.name.323,fashi_yi_2,2,3,sheet_equipment.description.323,3,3,26,320090,320091,320092,0,18,0,3,55,1,32010,4:10318:11:0;4:10319:6:0;4:10302:1:0,9:0:2:0,4:10350:1:0,1;3,1;1
42009,sheet_equipment.name.423,fuzhu_yi_2,2,4,sheet_equipment.description.423,3,3,26,420090,420091,420092,0,18,0,3,53,1,42010,4:10318:11:0;4:10319:6:0;4:10302:1:0,9:0:2:0,4:10350:1:0,1;3,1;1
52009,sheet_equipment.name.523,zonghe_yi_2,2,5,sheet_equipment.description.523,3,3,27,520090,520091,520092,0,18,0,3,80,1,52010,4:10316:11:0;4:10317:6:0;4:10302:1:0,9:0:2:0,4:10350:1:0,1;3,1;1
13009,sheet_equipment.name.133,fangyu_jie_2,3,1,sheet_equipment.description.133,3,3,27,130090,130091,130092,0,18,0,0,1033,1,13010,4:10316:11:0;4:10317:6:0;4:10302:1:0,9:0:2:0,4:10350:1:0,1;2,1;1
23009,sheet_equipment.name.233,wuli_jie_2,3,2,sheet_equipment.description.233,3,3,27,230090,230091,230092,0,18,0,0,726,1,23010,4:10316:11:0;4:10317:6:0;4:10302:1:0,9:0:2:0,4:10350:1:0,1;2,1;1
33009,sheet_equipment.name.333,fashi_jie_2,3,3,sheet_equipment.description.333,3,3,27,330090,330091,330092,0,18,0,0,559,1,33010,4:10318:11:0;4:10319:6:0;4:10302:1:0,9:0:2:0,4:10350:1:0,1;2,1;1
43009,sheet_equipment.name.433,fuzhu_jie_2,3,4,sheet_equipment.description.433,3,3,27,430090,430091,430092,0,18,0,0,608,1,43010,4:10318:11:0;4:10319:6:0;4:10302:1:0,9:0:2:0,4:10350:1:0,1;2,1;1
53009,sheet_equipment.name.533,zonghe_jie_2,3,5,sheet_equipment.description.533,3,3,32,530090,530091,530092,0,18,0,0,924,1,53010,4:10316:11:0;4:10317:6:0;4:10302:1:0,9:0:2:0,4:10350:1:0,1;2,1;1
11010,sheet_equipment.name.114,fangyu_wuqi_2,1,1,sheet_equipment.description.114,4,0,32,110100,110101,110102,0,20,0,1,131,0,11011,4:10320:10:0;4:10321:10:0;4:10322:5:0,9:0:50:0,4:10350:2:0,2;3,1;1
21010,sheet_equipment.name.214,wuli_wuqi_2,1,2,sheet_equipment.description.214,4,0,32,210100,210101,210102,0,20,0,1,174,0,21011,4:10320:10:0;4:10321:10:0;4:10322:5:0,9:0:50:0,4:10350:2:0,2;3,1;1
31010,sheet_equipment.name.314,fashi_wuqi_2,1,3,sheet_equipment.description.314,4,0,32,310100,310101,310102,0,20,0,2,207,0,31011,4:10323:10:0;4:10324:10:0;4:10325:5:0,9:0:50:0,4:10350:2:0,2;3,1;1
41010,sheet_equipment.name.414,fuzhu_wuqi_2,1,4,sheet_equipment.description.414,4,0,32,410100,410101,410102,0,20,0,2,152,0,41011,4:10323:10:0;4:10324:10:0;4:10325:5:0,9:0:50:0,4:10350:2:0,2;3,1;1
51010,sheet_equipment.name.514,zonghe_wuqi_2,1,5,sheet_equipment.description.514,4,0,30,510100,510101,510102,0,20,0,1,165,0,51011,4:10320:10:0;4:10321:10:0;4:10322:5:0,9:0:50:0,4:10350:2:0,2;3,1;1
12010,sheet_equipment.name.124,fangyu_yi_2,2,1,sheet_equipment.description.124,4,0,30,120100,120101,120102,0,20,0,3,109,0,12011,4:10320:10:0;4:10321:10:0;4:10322:5:0,9:0:50:0,4:10350:2:0,1;3,1;1
22010,sheet_equipment.name.224,wuli_yi_2,2,2,sheet_equipment.description.224,4,0,30,220100,220101,220102,0,20,0,3,75,0,22011,4:10320:10:0;4:10321:10:0;4:10322:5:0,9:0:50:0,4:10350:2:0,1;3,1;1
32010,sheet_equipment.name.324,fashi_yi_2,2,3,sheet_equipment.description.324,4,0,30,320100,320101,320102,0,20,0,3,67,0,32011,4:10323:10:0;4:10324:10:0;4:10325:5:0,9:0:50:0,4:10350:2:0,1;3,1;1
42010,sheet_equipment.name.424,fuzhu_yi_2,2,4,sheet_equipment.description.424,4,0,30,420100,420101,420102,0,20,0,3,64,0,42011,4:10323:10:0;4:10324:10:0;4:10325:5:0,9:0:50:0,4:10350:2:0,1;3,1;1
52010,sheet_equipment.name.524,zonghe_yi_2,2,5,sheet_equipment.description.524,4,0,31,520100,520101,520102,0,20,0,3,96,0,52011,4:10320:10:0;4:10321:10:0;4:10322:5:0,9:0:50:0,4:10350:2:0,1;3,1;1
13010,sheet_equipment.name.134,fangyu_jie_2,3,1,sheet_equipment.description.134,4,0,31,130100,130101,130102,0,20,0,0,1244,0,13011,4:10320:10:0;4:10321:10:0;4:10322:5:0,9:0:50:0,4:10350:2:0,1;2,1;1
23010,sheet_equipment.name.234,wuli_jie_2,3,2,sheet_equipment.description.234,4,0,31,230100,230101,230102,0,20,0,0,874,0,23011,4:10320:10:0;4:10321:10:0;4:10322:5:0,9:0:50:0,4:10350:2:0,1;2,1;1
33010,sheet_equipment.name.334,fashi_jie_2,3,3,sheet_equipment.description.334,4,0,31,330100,330101,330102,0,20,0,0,673,0,33011,4:10323:10:0;4:10324:10:0;4:10325:5:0,9:0:50:0,4:10350:2:0,1;2,1;1
43010,sheet_equipment.name.434,fuzhu_jie_2,3,4,sheet_equipment.description.434,4,0,31,430100,430101,430102,0,20,0,0,732,0,43011,4:10323:10:0;4:10324:10:0;4:10325:5:0,9:0:50:0,4:10350:2:0,1;2,1;1
53010,sheet_equipment.name.534,zonghe_jie_2,3,5,sheet_equipment.description.534,4,0,36,530100,530101,530102,0,20,0,0,1113,0,53011,4:10320:10:0;4:10321:10:0;4:10322:5:0,9:0:50:0,4:10350:2:0,1;2,1;1
11011,sheet_equipment.name.114,fangyu_wuqi_2,1,1,sheet_equipment.description.114,4,1,36,110110,110111,110112,0,22,0,1,154,0,11012,4:10320:12:0;4:10321:12:0;4:10322:6:0,9:0:50:0,4:10350:2:0,2;3,1;1
21011,sheet_equipment.name.214,wuli_wuqi_2,1,2,sheet_equipment.description.214,4,1,36,210110,210111,210112,0,22,0,1,204,0,21012,4:10320:12:0;4:10321:12:0;4:10322:6:0,9:0:50:0,4:10350:2:0,2;3,1;1
31011,sheet_equipment.name.314,fashi_wuqi_2,1,3,sheet_equipment.description.314,4,1,36,310110,310111,310112,0,22,0,2,242,0,31012,4:10323:12:0;4:10324:12:0;4:10325:6:0,9:0:50:0,4:10350:2:0,2;3,1;1
41011,sheet_equipment.name.414,fuzhu_wuqi_2,1,4,sheet_equipment.description.414,4,1,36,410110,410111,410112,0,22,0,2,178,0,41012,4:10323:12:0;4:10324:12:0;4:10325:6:0,9:0:50:0,4:10350:2:0,2;3,1;1
51011,sheet_equipment.name.514,zonghe_wuqi_2,1,5,sheet_equipment.description.514,4,1,34,510110,510111,510112,0,22,0,1,194,0,51012,4:10320:12:0;4:10321:12:0;4:10322:6:0,9:0:50:0,4:10350:2:0,2;3,1;1
12011,sheet_equipment.name.124,fangyu_yi_2,2,1,sheet_equipment.description.124,4,1,34,120110,120111,120112,0,22,0,3,128,0,12012,4:10320:12:0;4:10321:12:0;4:10322:6:0,9:0:50:0,4:10350:2:0,1;3,1;1
22011,sheet_equipment.name.224,wuli_yi_2,2,2,sheet_equipment.description.224,4,1,34,220110,220111,220112,0,22,0,3,87,0,22012,4:10320:12:0;4:10321:12:0;4:10322:6:0,9:0:50:0,4:10350:2:0,1;3,1;1
32011,sheet_equipment.name.324,fashi_yi_2,2,3,sheet_equipment.description.324,4,1,34,320110,320111,320112,0,22,0,3,78,0,32012,4:10323:12:0;4:10324:12:0;4:10325:6:0,9:0:50:0,4:10350:2:0,1;3,1;1
42011,sheet_equipment.name.424,fuzhu_yi_2,2,4,sheet_equipment.description.424,4,1,34,420110,420111,420112,0,22,0,3,74,0,42012,4:10323:12:0;4:10324:12:0;4:10325:6:0,9:0:50:0,4:10350:2:0,1;3,1;1
52011,sheet_equipment.name.524,zonghe_yi_2,2,5,sheet_equipment.description.524,4,1,35,520110,520111,520112,0,22,0,3,112,0,52012,4:10320:12:0;4:10321:12:0;4:10322:6:0,9:0:50:0,4:10350:2:0,1;3,1;1
13011,sheet_equipment.name.134,fangyu_jie_2,3,1,sheet_equipment.description.134,4,1,35,130110,130111,130112,0,22,0,0,1455,0,13012,4:10320:12:0;4:10321:12:0;4:10322:6:0,9:0:50:0,4:10350:2:0,1;2,1;1
23011,sheet_equipment.name.234,wuli_jie_2,3,2,sheet_equipment.description.234,4,1,35,230110,230111,230112,0,22,0,0,1022,0,23012,4:10320:12:0;4:10321:12:0;4:10322:6:0,9:0:50:0,4:10350:2:0,1;2,1;1
33011,sheet_equipment.name.334,fashi_jie_2,3,3,sheet_equipment.description.334,4,1,35,330110,330111,330112,0,22,0,0,787,0,33012,4:10323:12:0;4:10324:12:0;4:10325:6:0,9:0:50:0,4:10350:2:0,1;2,1;1
43011,sheet_equipment.name.434,fuzhu_jie_2,3,4,sheet_equipment.description.434,4,1,35,430110,430111,430112,0,22,0,0,856,0,43012,4:10323:12:0;4:10324:12:0;4:10325:6:0,9:0:50:0,4:10350:2:0,1;2,1;1
53011,sheet_equipment.name.534,zonghe_jie_2,3,5,sheet_equipment.description.534,4,1,40,530110,530111,530112,0,22,0,0,1301,0,53012,4:10320:12:0;4:10321:12:0;4:10322:6:0,9:0:50:0,4:10350:2:0,1;2,1;1
11012,sheet_equipment.name.114,fangyu_wuqi_2,1,1,sheet_equipment.description.114,4,2,40,110120,110121,110122,0,24,0,1,176,0,11013,4:10320:14:0;4:10321:14:0;4:10322:7:0,9:0:50:0,4:10350:2:0,2;3,1;1
21012,sheet_equipment.name.214,wuli_wuqi_2,1,2,sheet_equipment.description.214,4,2,40,210120,210121,210122,0,24,0,1,233,0,21013,4:10320:14:0;4:10321:14:0;4:10322:7:0,9:0:50:0,4:10350:2:0,2;3,1;1
31012,sheet_equipment.name.314,fashi_wuqi_2,1,3,sheet_equipment.description.314,4,2,40,310120,310121,310122,0,24,0,2,277,0,31013,4:10323:14:0;4:10324:14:0;4:10325:7:0,9:0:50:0,4:10350:2:0,2;3,1;1
41012,sheet_equipment.name.414,fuzhu_wuqi_2,1,4,sheet_equipment.description.414,4,2,40,410120,410121,410122,0,24,0,2,204,0,41013,4:10323:14:0;4:10324:14:0;4:10325:7:0,9:0:50:0,4:10350:2:0,2;3,1;1
51012,sheet_equipment.name.514,zonghe_wuqi_2,1,5,sheet_equipment.description.514,4,2,38,510120,510121,510122,0,24,0,1,222,0,51013,4:10320:14:0;4:10321:14:0;4:10322:7:0,9:0:50:0,4:10350:2:0,2;3,1;1
12012,sheet_equipment.name.124,fangyu_yi_2,2,1,sheet_equipment.description.124,4,2,38,120120,120121,120122,0,24,0,3,147,0,12013,4:10320:14:0;4:10321:14:0;4:10322:7:0,9:0:50:0,4:10350:2:0,1;3,1;1
22012,sheet_equipment.name.224,wuli_yi_2,2,2,sheet_equipment.description.224,4,2,38,220120,220121,220122,0,24,0,3,100,0,22013,4:10320:14:0;4:10321:14:0;4:10322:7:0,9:0:50:0,4:10350:2:0,1;3,1;1
32012,sheet_equipment.name.324,fashi_yi_2,2,3,sheet_equipment.description.324,4,2,38,320120,320121,320122,0,24,0,3,89,0,32013,4:10323:14:0;4:10324:14:0;4:10325:7:0,9:0:50:0,4:10350:2:0,1;3,1;1
42012,sheet_equipment.name.424,fuzhu_yi_2,2,4,sheet_equipment.description.424,4,2,38,420120,420121,420122,0,24,0,3,85,0,42013,4:10323:14:0;4:10324:14:0;4:10325:7:0,9:0:50:0,4:10350:2:0,1;3,1;1
52012,sheet_equipment.name.524,zonghe_yi_2,2,5,sheet_equipment.description.524,4,2,39,520120,520121,520122,0,24,0,3,129,0,52013,4:10320:14:0;4:10321:14:0;4:10322:7:0,9:0:50:0,4:10350:2:0,1;3,1;1
13012,sheet_equipment.name.134,fangyu_jie_2,3,1,sheet_equipment.description.134,4,2,39,130120,130121,130122,0,24,0,0,1666,0,13013,4:10320:14:0;4:10321:14:0;4:10322:7:0,9:0:50:0,4:10350:2:0,1;2,1;1
23012,sheet_equipment.name.234,wuli_jie_2,3,2,sheet_equipment.description.234,4,2,39,230120,230121,230122,0,24,0,0,1170,0,23013,4:10320:14:0;4:10321:14:0;4:10322:7:0,9:0:50:0,4:10350:2:0,1;2,1;1
33012,sheet_equipment.name.334,fashi_jie_2,3,3,sheet_equipment.description.334,4,2,39,330120,330121,330122,0,24,0,0,902,0,33013,4:10323:14:0;4:10324:14:0;4:10325:7:0,9:0:50:0,4:10350:2:0,1;2,1;1
43012,sheet_equipment.name.434,fuzhu_jie_2,3,4,sheet_equipment.description.434,4,2,39,430120,430121,430122,0,24,0,0,980,0,43013,4:10323:14:0;4:10324:14:0;4:10325:7:0,9:0:50:0,4:10350:2:0,1;2,1;1
53012,sheet_equipment.name.534,zonghe_jie_2,3,5,sheet_equipment.description.534,4,2,44,530120,530121,530122,0,24,0,0,1490,0,53013,4:10320:14:0;4:10321:14:0;4:10322:7:0,9:0:50:0,4:10350:2:0,1;2,1;1
11013,sheet_equipment.name.114,fangyu_wuqi_2,1,1,sheet_equipment.description.114,4,3,44,110130,110131,110132,0,26,0,1,198,0,11014,4:10320:16:0;4:10321:16:0;4:10322:8:0,9:0:50:0,4:10350:2:0,2;3,1;1
21013,sheet_equipment.name.214,wuli_wuqi_2,1,2,sheet_equipment.description.214,4,3,44,210130,210131,210132,0,26,0,1,263,0,21014,4:10320:16:0;4:10321:16:0;4:10322:8:0,9:0:50:0,4:10350:2:0,2;3,1;1
31013,sheet_equipment.name.314,fashi_wuqi_2,1,3,sheet_equipment.description.314,4,3,44,310130,310131,310132,0,26,0,2,312,0,31014,4:10323:16:0;4:10324:16:0;4:10325:8:0,9:0:50:0,4:10350:2:0,2;3,1;1
41013,sheet_equipment.name.414,fuzhu_wuqi_2,1,4,sheet_equipment.description.414,4,3,44,410130,410131,410132,0,26,0,2,230,0,41014,4:10323:16:0;4:10324:16:0;4:10325:8:0,9:0:50:0,4:10350:2:0,2;3,1;1
51013,sheet_equipment.name.514,zonghe_wuqi_2,1,5,sheet_equipment.description.514,4,3,42,510130,510131,510132,0,26,0,1,250,0,51014,4:10320:16:0;4:10321:16:0;4:10322:8:0,9:0:50:0,4:10350:2:0,2;3,1;1
12013,sheet_equipment.name.124,fangyu_yi_2,2,1,sheet_equipment.description.124,4,3,42,120130,120131,120132,0,26,0,3,165,0,12014,4:10320:16:0;4:10321:16:0;4:10322:8:0,9:0:50:0,4:10350:2:0,1;3,1;1
22013,sheet_equipment.name.224,wuli_yi_2,2,2,sheet_equipment.description.224,4,3,42,220130,220131,220132,0,26,0,3,113,0,22014,4:10320:16:0;4:10321:16:0;4:10322:8:0,9:0:50:0,4:10350:2:0,1;3,1;1
32013,sheet_equipment.name.324,fashi_yi_2,2,3,sheet_equipment.description.324,4,3,42,320130,320131,320132,0,26,0,3,101,0,32014,4:10323:16:0;4:10324:16:0;4:10325:8:0,9:0:50:0,4:10350:2:0,1;3,1;1
42013,sheet_equipment.name.424,fuzhu_yi_2,2,4,sheet_equipment.description.424,4,3,42,420130,420131,420132,0,26,0,3,96,0,42014,4:10323:16:0;4:10324:16:0;4:10325:8:0,9:0:50:0,4:10350:2:0,1;3,1;1
52013,sheet_equipment.name.524,zonghe_yi_2,2,5,sheet_equipment.description.524,4,3,43,520130,520131,520132,0,26,0,3,145,0,52014,4:10320:16:0;4:10321:16:0;4:10322:8:0,9:0:50:0,4:10350:2:0,1;3,1;1
13013,sheet_equipment.name.134,fangyu_jie_2,3,1,sheet_equipment.description.134,4,3,43,130130,130131,130132,0,26,0,0,1877,0,13014,4:10320:16:0;4:10321:16:0;4:10322:8:0,9:0:50:0,4:10350:2:0,1;2,1;1
23013,sheet_equipment.name.234,wuli_jie_2,3,2,sheet_equipment.description.234,4,3,43,230130,230131,230132,0,26,0,0,1319,0,23014,4:10320:16:0;4:10321:16:0;4:10322:8:0,9:0:50:0,4:10350:2:0,1;2,1;1
33013,sheet_equipment.name.334,fashi_jie_2,3,3,sheet_equipment.description.334,4,3,43,330130,330131,330132,0,26,0,0,1016,0,33014,4:10323:16:0;4:10324:16:0;4:10325:8:0,9:0:50:0,4:10350:2:0,1;2,1;1
43013,sheet_equipment.name.434,fuzhu_jie_2,3,4,sheet_equipment.description.434,4,3,43,430130,430131,430132,0,26,0,0,1104,0,43014,4:10323:16:0;4:10324:16:0;4:10325:8:0,9:0:50:0,4:10350:2:0,1;2,1;1
53013,sheet_equipment.name.534,zonghe_jie_2,3,5,sheet_equipment.description.534,4,3,48,530130,530131,530132,0,26,0,0,1679,0,53014,4:10320:16:0;4:10321:16:0;4:10322:8:0,9:0:50:0,4:10350:2:0,1;2,1;1
11014,sheet_equipment.name.114,fangyu_wuqi_2,1,1,sheet_equipment.description.114,4,4,48,110140,110141,110142,0,28,0,1,221,1,0,4:10320:20:0;4:10321:20:0;4:10322:10:0;4:10303:1:0,9:0:50:0,4:10350:2:0,2;3,1;1
21014,sheet_equipment.name.214,wuli_wuqi_2,1,2,sheet_equipment.description.214,4,4,48,210140,210141,210142,0,28,0,1,292,1,0,4:10320:20:0;4:10321:20:0;4:10322:10:0;4:10303:1:0,9:0:50:0,4:10350:2:0,2;3,1;1
31014,sheet_equipment.name.314,fashi_wuqi_2,1,3,sheet_equipment.description.314,4,4,48,310140,310141,310142,0,28,0,2,348,1,0,4:10323:20:0;4:10324:20:0;4:10325:10:0;4:10303:1:0,9:0:50:0,4:10350:2:0,2;3,1;1
41014,sheet_equipment.name.414,fuzhu_wuqi_2,1,4,sheet_equipment.description.414,4,4,48,410140,410141,410142,0,28,0,2,256,1,0,4:10323:20:0;4:10324:20:0;4:10325:10:0;4:10303:1:0,9:0:50:0,4:10350:2:0,2;3,1;1
51014,sheet_equipment.name.514,zonghe_wuqi_2,1,5,sheet_equipment.description.514,4,4,46,510140,510141,510142,0,28,0,1,278,1,0,4:10320:20:0;4:10321:20:0;4:10322:10:0;4:10303:1:0,9:0:50:0,4:10350:2:0,2;3,1;1
12014,sheet_equipment.name.124,fangyu_yi_2,2,1,sheet_equipment.description.124,4,4,46,120140,120141,120142,0,28,0,3,184,1,0,4:10320:20:0;4:10321:20:0;4:10322:10:0;4:10303:1:0,9:0:50:0,4:10350:2:0,1;3,1;1
22014,sheet_equipment.name.224,wuli_yi_2,2,2,sheet_equipment.description.224,4,4,46,220140,220141,220142,0,28,0,3,125,1,0,4:10320:20:0;4:10321:20:0;4:10322:10:0;4:10303:1:0,9:0:50:0,4:10350:2:0,1;3,1;1
32014,sheet_equipment.name.324,fashi_yi_2,2,3,sheet_equipment.description.324,4,4,46,320140,320141,320142,0,28,0,3,112,1,0,4:10323:20:0;4:10324:20:0;4:10325:10:0;4:10303:1:0,9:0:50:0,4:10350:2:0,1;3,1;1
42014,sheet_equipment.name.424,fuzhu_yi_2,2,4,sheet_equipment.description.424,4,4,46,420140,420141,420142,0,28,0,3,107,1,0,4:10323:20:0;4:10324:20:0;4:10325:10:0;4:10303:1:0,9:0:50:0,4:10350:2:0,1;3,1;1
52014,sheet_equipment.name.524,zonghe_yi_2,2,5,sheet_equipment.description.524,4,4,47,520140,520141,520142,0,28,0,3,161,1,0,4:10320:20:0;4:10321:20:0;4:10322:10:0;4:10303:1:0,9:0:50:0,4:10350:2:0,1;3,1;1
13014,sheet_equipment.name.134,fangyu_jie_2,3,1,sheet_equipment.description.134,4,4,47,130140,130141,130142,0,28,0,0,2088,1,0,4:10320:20:0;4:10321:20:0;4:10322:10:0;4:10303:1:0,9:0:50:0,4:10350:2:0,1;2,1;1
23014,sheet_equipment.name.234,wuli_jie_2,3,2,sheet_equipment.description.234,4,4,47,230140,230141,230142,0,28,0,0,1467,1,0,4:10320:20:0;4:10321:20:0;4:10322:10:0;4:10303:1:0,9:0:50:0,4:10350:2:0,1;2,1;1
33014,sheet_equipment.name.334,fashi_jie_2,3,3,sheet_equipment.description.334,4,4,47,330140,330141,330142,0,28,0,0,1130,1,0,4:10323:20:0;4:10324:20:0;4:10325:10:0;4:10303:1:0,9:0:50:0,4:10350:2:0,1;2,1;1
43014,sheet_equipment.name.434,fuzhu_jie_2,3,4,sheet_equipment.description.434,4,4,47,430140,430141,430142,0,28,0,0,1228,1,0,4:10323:20:0;4:10324:20:0;4:10325:10:0;4:10303:1:0,9:0:50:0,4:10350:2:0,1;2,1;1
53014,sheet_equipment.name.534,zonghe_jie_2,3,5,sheet_equipment.description.534,4,4,52,530140,530141,530142,0,28,0,0,1867,1,0,4:10320:20:0;4:10321:20:0;4:10322:10:0;4:10303:1:0,9:0:50:0,4:10350:2:0,1;2,1;1
11015,sheet_equipment.name.115,fangyu_wuqi_3,1,1,sheet_equipment.description.115,5,0,52,110150,110151,110152,0,30,0,1,254,0,0,4:10326:32:0;4:10327:32:0;4:10328:12:0,9:0:200:0,4:10350:4:0,2;3,1;1
21015,sheet_equipment.name.215,wuli_wuqi_3,1,2,sheet_equipment.description.215,5,0,52,210150,210151,210152,0,30,0,1,337,0,0,4:10326:32:0;4:10327:32:0;4:10328:12:0,9:0:200:0,4:10350:4:0,2;3,1;1
31015,sheet_equipment.name.315,fashi_wuqi_3,1,3,sheet_equipment.description.315,5,0,52,310150,310151,310152,0,30,0,2,400,0,0,4:10329:32:0;4:10330:32:0;4:10331:12:0,9:0:200:0,4:10350:4:0,2;3,1;1
41015,sheet_equipment.name.415,fuzhu_wuqi_3,1,4,sheet_equipment.description.415,5,0,52,410150,410151,410152,0,30,0,2,294,0,0,4:10329:32:0;4:10330:32:0;4:10331:12:0,9:0:200:0,4:10350:4:0,2;3,1;1
51015,sheet_equipment.name.515,zonghe_wuqi_3,1,5,sheet_equipment.description.515,5,0,50,510150,510151,510152,0,30,0,1,320,0,0,4:10326:32:0;4:10327:32:0;4:10328:12:0,9:0:200:0,4:10350:4:0,2;3,1;1
12015,sheet_equipment.name.125,fangyu_yi_3,2,1,sheet_equipment.description.125,5,0,50,120150,120151,120152,0,30,0,3,212,0,0,4:10326:32:0;4:10327:32:0;4:10328:12:0,9:0:200:0,4:10350:4:0,1;3,1;1
22015,sheet_equipment.name.225,wuli_yi_3,2,2,sheet_equipment.description.225,5,0,50,220150,220151,220152,0,30,0,3,145,0,0,4:10326:32:0;4:10327:32:0;4:10328:12:0,9:0:200:0,4:10350:4:0,1;3,1;1
32015,sheet_equipment.name.325,fashi_yi_3,2,3,sheet_equipment.description.325,5,0,50,320150,320151,320152,0,30,0,3,129,0,0,4:10329:32:0;4:10330:32:0;4:10331:12:0,9:0:200:0,4:10350:4:0,1;3,1;1
42015,sheet_equipment.name.425,fuzhu_yi_3,2,4,sheet_equipment.description.425,5,0,50,420150,420151,420152,0,30,0,3,123,0,0,4:10329:32:0;4:10330:32:0;4:10331:12:0,9:0:200:0,4:10350:4:0,1;3,1;1
52015,sheet_equipment.name.525,zonghe_yi_3,2,5,sheet_equipment.description.525,5,0,51,520150,520151,520152,0,30,0,3,186,0,0,4:10326:32:0;4:10327:32:0;4:10328:12:0,9:0:200:0,4:10350:4:0,1;3,1;1
13015,sheet_equipment.name.135,fangyu_jie_3,3,1,sheet_equipment.description.135,5,0,51,130150,130151,130152,0,30,0,0,2405,0,0,4:10326:32:0;4:10327:32:0;4:10328:12:0,9:0:200:0,4:10350:4:0,1;2,1;1
23015,sheet_equipment.name.235,wuli_jie_3,3,2,sheet_equipment.description.235,5,0,51,230150,230151,230152,0,30,0,0,1689,0,0,4:10326:32:0;4:10327:32:0;4:10328:12:0,9:0:200:0,4:10350:4:0,1;2,1;1
33015,sheet_equipment.name.335,fashi_jie_3,3,3,sheet_equipment.description.335,5,0,51,330150,330151,330152,0,30,0,0,1301,0,0,4:10329:32:0;4:10330:32:0;4:10331:12:0,9:0:200:0,4:10350:4:0,1;2,1;1
43015,sheet_equipment.name.435,fuzhu_jie_3,3,4,sheet_equipment.description.435,5,0,51,430150,430151,430152,0,30,0,0,1415,0,0,4:10329:32:0;4:10330:32:0;4:10331:12:0,9:0:200:0,4:10350:4:0,1;2,1;1
53015,sheet_equipment.name.535,zonghe_jie_3,3,5,sheet_equipment.description.535,5,0,56,530150,530151,530152,0,30,0,0,2150,0,0,4:10326:32:0;4:10327:32:0;4:10328:12:0,9:0:200:0,4:10350:4:0,1;2,1;1
11016,sheet_equipment.name.115,fangyu_wuqi_3,1,1,sheet_equipment.description.115,5,1,56,110160,110161,110162,0,32,0,1,288,0,0,4:10326:36:0;4:10327:36:0;4:10328:13:0,9:0:200:0,4:10350:4:0,2;3,1;1
21016,sheet_equipment.name.215,wuli_wuqi_3,1,2,sheet_equipment.description.215,5,1,56,210160,210161,210162,0,32,0,1,381,0,0,4:10326:36:0;4:10327:36:0;4:10328:13:0,9:0:200:0,4:10350:4:0,2;3,1;1
31016,sheet_equipment.name.315,fashi_wuqi_3,1,3,sheet_equipment.description.315,5,1,56,310160,310161,310162,0,32,0,2,453,0,0,4:10329:36:0;4:10330:36:0;4:10331:13:0,9:0:200:0,4:10350:4:0,2;3,1;1
41016,sheet_equipment.name.415,fuzhu_wuqi_3,1,4,sheet_equipment.description.415,5,1,56,410160,410161,410162,0,32,0,2,333,0,0,4:10329:36:0;4:10330:36:0;4:10331:13:0,9:0:200:0,4:10350:4:0,2;3,1;1
51016,sheet_equipment.name.515,zonghe_wuqi_3,1,5,sheet_equipment.description.515,5,1,54,510160,510161,510162,0,32,0,1,362,0,0,4:10326:36:0;4:10327:36:0;4:10328:13:0,9:0:200:0,4:10350:4:0,2;3,1;1
12016,sheet_equipment.name.125,fangyu_yi_3,2,1,sheet_equipment.description.125,5,1,54,120160,120161,120162,0,32,0,3,240,0,0,4:10326:36:0;4:10327:36:0;4:10328:13:0,9:0:200:0,4:10350:4:0,1;3,1;1
22016,sheet_equipment.name.225,wuli_yi_3,2,2,sheet_equipment.description.225,5,1,54,220160,220161,220162,0,32,0,3,164,0,0,4:10326:36:0;4:10327:36:0;4:10328:13:0,9:0:200:0,4:10350:4:0,1;3,1;1
32016,sheet_equipment.name.325,fashi_yi_3,2,3,sheet_equipment.description.325,5,1,54,320160,320161,320162,0,32,0,3,146,0,0,4:10329:36:0;4:10330:36:0;4:10331:13:0,9:0:200:0,4:10350:4:0,1;3,1;1
42016,sheet_equipment.name.425,fuzhu_yi_3,2,4,sheet_equipment.description.425,5,1,54,420160,420161,420162,0,32,0,3,140,0,0,4:10329:36:0;4:10330:36:0;4:10331:13:0,9:0:200:0,4:10350:4:0,1;3,1;1
52016,sheet_equipment.name.525,zonghe_yi_3,2,5,sheet_equipment.description.525,5,1,55,520160,520161,520162,0,32,0,3,210,0,0,4:10326:36:0;4:10327:36:0;4:10328:13:0,9:0:200:0,4:10350:4:0,1;3,1;1
13016,sheet_equipment.name.135,fangyu_jie_3,3,1,sheet_equipment.description.135,5,1,55,130160,130161,130162,0,32,0,0,2722,0,0,4:10326:36:0;4:10327:36:0;4:10328:13:0,9:0:200:0,4:10350:4:0,1;2,1;1
23016,sheet_equipment.name.235,wuli_jie_3,3,2,sheet_equipment.description.235,5,1,55,230160,230161,230162,0,32,0,0,1912,0,0,4:10326:36:0;4:10327:36:0;4:10328:13:0,9:0:200:0,4:10350:4:0,1;2,1;1
33016,sheet_equipment.name.335,fashi_jie_3,3,3,sheet_equipment.description.335,5,1,55,330160,330161,330162,0,32,0,0,1473,0,0,4:10329:36:0;4:10330:36:0;4:10331:13:0,9:0:200:0,4:10350:4:0,1;2,1;1
43016,sheet_equipment.name.435,fuzhu_jie_3,3,4,sheet_equipment.description.435,5,1,55,430160,430161,430162,0,32,0,0,1601,0,0,4:10329:36:0;4:10330:36:0;4:10331:13:0,9:0:200:0,4:10350:4:0,1;2,1;1
53016,sheet_equipment.name.535,zonghe_jie_3,3,5,sheet_equipment.description.535,5,1,60,530160,530161,530162,0,32,0,0,2433,0,0,4:10326:36:0;4:10327:36:0;4:10328:13:0,9:0:200:0,4:10350:4:0,1;2,1;1
11017,sheet_equipment.name.115,fangyu_wuqi_3,1,1,sheet_equipment.description.115,5,2,60,110170,110171,110172,0,34,0,1,321,0,0,4:10326:40:0;4:10327:40:0;4:10328:15:0,9:0:200:0,4:10350:4:0,2;3,1;1
21017,sheet_equipment.name.215,wuli_wuqi_3,1,2,sheet_equipment.description.215,5,2,60,210170,210171,210172,0,34,0,1,425,0,0,4:10326:40:0;4:10327:40:0;4:10328:15:0,9:0:200:0,4:10350:4:0,2;3,1;1
31017,sheet_equipment.name.315,fashi_wuqi_3,1,3,sheet_equipment.description.315,5,2,60,310170,310171,310172,0,34,0,2,506,0,0,4:10329:40:0;4:10330:40:0;4:10331:15:0,9:0:200:0,4:10350:4:0,2;3,1;1
41017,sheet_equipment.name.415,fuzhu_wuqi_3,1,4,sheet_equipment.description.415,5,2,60,410170,410171,410172,0,34,0,2,372,0,0,4:10329:40:0;4:10330:40:0;4:10331:15:0,9:0:200:0,4:10350:4:0,2;3,1;1
51017,sheet_equipment.name.515,zonghe_wuqi_3,1,5,sheet_equipment.description.515,5,2,58,510170,510171,510172,0,34,0,1,405,0,0,4:10326:40:0;4:10327:40:0;4:10328:15:0,9:0:200:0,4:10350:4:0,2;3,1;1
12017,sheet_equipment.name.125,fangyu_yi_3,2,1,sheet_equipment.description.125,5,2,58,120170,120171,120172,0,34,0,3,268,0,0,4:10326:40:0;4:10327:40:0;4:10328:15:0,9:0:200:0,4:10350:4:0,1;3,1;1
22017,sheet_equipment.name.225,wuli_yi_3,2,2,sheet_equipment.description.225,5,2,58,220170,220171,220172,0,34,0,3,183,0,0,4:10326:40:0;4:10327:40:0;4:10328:15:0,9:0:200:0,4:10350:4:0,1;3,1;1
32017,sheet_equipment.name.325,fashi_yi_3,2,3,sheet_equipment.description.325,5,2,58,320170,320171,320172,0,34,0,3,163,0,0,4:10329:40:0;4:10330:40:0;4:10331:15:0,9:0:200:0,4:10350:4:0,1;3,1;1
42017,sheet_equipment.name.425,fuzhu_yi_3,2,4,sheet_equipment.description.425,5,2,58,420170,420171,420172,0,34,0,3,156,0,0,4:10329:40:0;4:10330:40:0;4:10331:15:0,9:0:200:0,4:10350:4:0,1;3,1;1
52017,sheet_equipment.name.525,zonghe_yi_3,2,5,sheet_equipment.description.525,5,2,59,520170,520171,520172,0,34,0,3,235,0,0,4:10326:40:0;4:10327:40:0;4:10328:15:0,9:0:200:0,4:10350:4:0,1;3,1;1
13017,sheet_equipment.name.135,fangyu_jie_3,3,1,sheet_equipment.description.135,5,2,59,130170,130171,130172,0,34,0,0,3038,0,0,4:10326:40:0;4:10327:40:0;4:10328:15:0,9:0:200:0,4:10350:4:0,1;2,1;1
23017,sheet_equipment.name.235,wuli_jie_3,3,2,sheet_equipment.description.235,5,2,59,230170,230171,230172,0,34,0,0,2134,0,0,4:10326:40:0;4:10327:40:0;4:10328:15:0,9:0:200:0,4:10350:4:0,1;2,1;1
33017,sheet_equipment.name.335,fashi_jie_3,3,3,sheet_equipment.description.335,5,2,59,330170,330171,330172,0,34,0,0,1644,0,0,4:10329:40:0;4:10330:40:0;4:10331:15:0,9:0:200:0,4:10350:4:0,1;2,1;1
43017,sheet_equipment.name.435,fuzhu_jie_3,3,4,sheet_equipment.description.435,5,2,59,430170,430171,430172,0,34,0,0,1787,0,0,4:10329:40:0;4:10330:40:0;4:10331:15:0,9:0:200:0,4:10350:4:0,1;2,1;1
53017,sheet_equipment.name.535,zonghe_jie_3,3,5,sheet_equipment.description.535,5,2,64,530170,530171,530172,0,34,0,0,2716,0,0,4:10326:40:0;4:10327:40:0;4:10328:15:0,9:0:200:0,4:10350:4:0,1;2,1;1
11018,sheet_equipment.name.115,fangyu_wuqi_3,1,1,sheet_equipment.description.115,5,3,64,110180,110181,110182,0,36,0,1,355,0,0,4:10326:44:0;4:10327:44:0;4:10328:17:0,9:0:200:0,4:10350:4:0,2;3,1;1
21018,sheet_equipment.name.215,wuli_wuqi_3,1,2,sheet_equipment.description.215,5,3,64,210180,210181,210182,0,36,0,1,470,0,0,4:10326:44:0;4:10327:44:0;4:10328:17:0,9:0:200:0,4:10350:4:0,2;3,1;1
31018,sheet_equipment.name.315,fashi_wuqi_3,1,3,sheet_equipment.description.315,5,3,64,310180,310181,310182,0,36,0,2,559,0,0,4:10329:44:0;4:10330:44:0;4:10331:17:0,9:0:200:0,4:10350:4:0,2;3,1;1
41018,sheet_equipment.name.415,fuzhu_wuqi_3,1,4,sheet_equipment.description.415,5,3,64,410180,410181,410182,0,36,0,2,411,0,0,4:10329:44:0;4:10330:44:0;4:10331:17:0,9:0:200:0,4:10350:4:0,2;3,1;1
51018,sheet_equipment.name.515,zonghe_wuqi_3,1,5,sheet_equipment.description.515,5,3,62,510180,510181,510182,0,36,0,1,447,0,0,4:10326:44:0;4:10327:44:0;4:10328:17:0,9:0:200:0,4:10350:4:0,2;3,1;1
12018,sheet_equipment.name.125,fangyu_yi_3,2,1,sheet_equipment.description.125,5,3,62,120180,120181,120182,0,36,0,3,296,0,0,4:10326:44:0;4:10327:44:0;4:10328:17:0,9:0:200:0,4:10350:4:0,1;3,1;1
22018,sheet_equipment.name.225,wuli_yi_3,2,2,sheet_equipment.description.225,5,3,62,220180,220181,220182,0,36,0,3,202,0,0,4:10326:44:0;4:10327:44:0;4:10328:17:0,9:0:200:0,4:10350:4:0,1;3,1;1
32018,sheet_equipment.name.325,fashi_yi_3,2,3,sheet_equipment.description.325,5,3,62,320180,320181,320182,0,36,0,3,180,0,0,4:10329:44:0;4:10330:44:0;4:10331:17:0,9:0:200:0,4:10350:4:0,1;3,1;1
42018,sheet_equipment.name.425,fuzhu_yi_3,2,4,sheet_equipment.description.425,5,3,62,420180,420181,420182,0,36,0,3,172,0,0,4:10329:44:0;4:10330:44:0;4:10331:17:0,9:0:200:0,4:10350:4:0,1;3,1;1
52018,sheet_equipment.name.525,zonghe_yi_3,2,5,sheet_equipment.description.525,5,3,63,520180,520181,520182,0,36,0,3,259,0,0,4:10326:44:0;4:10327:44:0;4:10328:17:0,9:0:200:0,4:10350:4:0,1;3,1;1
13018,sheet_equipment.name.135,fangyu_jie_3,3,1,sheet_equipment.description.135,5,3,63,130180,130181,130182,0,36,0,0,3355,0,0,4:10326:44:0;4:10327:44:0;4:10328:17:0,9:0:200:0,4:10350:4:0,1;2,1;1
23018,sheet_equipment.name.235,wuli_jie_3,3,2,sheet_equipment.description.235,5,3,63,230180,230181,230182,0,36,0,0,2356,0,0,4:10326:44:0;4:10327:44:0;4:10328:17:0,9:0:200:0,4:10350:4:0,1;2,1;1
33018,sheet_equipment.name.335,fashi_jie_3,3,3,sheet_equipment.description.335,5,3,63,330180,330181,330182,0,36,0,0,1815,0,0,4:10329:44:0;4:10330:44:0;4:10331:17:0,9:0:200:0,4:10350:4:0,1;2,1;1
43018,sheet_equipment.name.435,fuzhu_jie_3,3,4,sheet_equipment.description.435,5,3,63,430180,430181,430182,0,36,0,0,1973,0,0,4:10329:44:0;4:10330:44:0;4:10331:17:0,9:0:200:0,4:10350:4:0,1;2,1;1
53018,sheet_equipment.name.535,zonghe_jie_3,3,5,sheet_equipment.description.535,5,3,68,530180,530181,530182,0,36,0,0,2999,0,0,4:10326:44:0;4:10327:44:0;4:10328:17:0,9:0:200:0,4:10350:4:0,1;2,1;1
11019,sheet_equipment.name.115,fangyu_wuqi_3,1,1,sheet_equipment.description.115,5,4,68,110190,110191,110192,0,38,0,1,388,0,0,4:10326:49:0;4:10327:49:0;4:10328:19:0,9:0:200:0,4:10350:4:0,2;3,1;1
21019,sheet_equipment.name.215,wuli_wuqi_3,1,2,sheet_equipment.description.215,5,4,68,210190,210191,210192,0,38,0,1,514,0,0,4:10326:49:0;4:10327:49:0;4:10328:19:0,9:0:200:0,4:10350:4:0,2;3,1;1
31019,sheet_equipment.name.315,fashi_wuqi_3,1,3,sheet_equipment.description.315,5,4,68,310190,310191,310192,0,38,0,2,611,0,0,4:10329:49:0;4:10330:49:0;4:10331:19:0,9:0:200:0,4:10350:4:0,2;3,1;1
41019,sheet_equipment.name.415,fuzhu_wuqi_3,1,4,sheet_equipment.description.415,5,4,68,410190,410191,410192,0,38,0,2,449,0,0,4:10329:49:0;4:10330:49:0;4:10331:19:0,9:0:200:0,4:10350:4:0,2;3,1;1
51019,sheet_equipment.name.515,zonghe_wuqi_3,1,5,sheet_equipment.description.515,5,4,66,510190,510191,510192,0,38,0,1,489,0,0,4:10326:49:0;4:10327:49:0;4:10328:19:0,9:0:200:0,4:10350:4:0,2;3,1;1
12019,sheet_equipment.name.125,fangyu_yi_3,2,1,sheet_equipment.description.125,5,4,66,120190,120191,120192,0,38,0,3,323,0,0,4:10326:49:0;4:10327:49:0;4:10328:19:0,9:0:200:0,4:10350:4:0,1;3,1;1
22019,sheet_equipment.name.225,wuli_yi_3,2,2,sheet_equipment.description.225,5,4,66,220190,220191,220192,0,38,0,3,221,0,0,4:10326:49:0;4:10327:49:0;4:10328:19:0,9:0:200:0,4:10350:4:0,1;3,1;1
32019,sheet_equipment.name.325,fashi_yi_3,2,3,sheet_equipment.description.325,5,4,66,320190,320191,320192,0,38,0,3,197,0,0,4:10329:49:0;4:10330:49:0;4:10331:19:0,9:0:200:0,4:10350:4:0,1;3,1;1
42019,sheet_equipment.name.425,fuzhu_yi_3,2,4,sheet_equipment.description.425,5,4,66,420190,420191,420192,0,38,0,3,188,0,0,4:10329:49:0;4:10330:49:0;4:10331:19:0,9:0:200:0,4:10350:4:0,1;3,1;1
52019,sheet_equipment.name.525,zonghe_yi_3,2,5,sheet_equipment.description.525,5,4,67,520190,520191,520192,0,38,0,3,284,0,0,4:10326:49:0;4:10327:49:0;4:10328:19:0,9:0:200:0,4:10350:4:0,1;3,1;1
13019,sheet_equipment.name.135,fangyu_jie_3,3,1,sheet_equipment.description.135,5,4,67,130190,130191,130192,0,38,0,0,3671,0,0,4:10326:49:0;4:10327:49:0;4:10328:19:0,9:0:200:0,4:10350:4:0,1;2,1;1
23019,sheet_equipment.name.235,wuli_jie_3,3,2,sheet_equipment.description.235,5,4,67,230190,230191,230192,0,38,0,0,2579,0,0,4:10326:49:0;4:10327:49:0;4:10328:19:0,9:0:200:0,4:10350:4:0,1;2,1;1
33019,sheet_equipment.name.335,fashi_jie_3,3,3,sheet_equipment.description.335,5,4,67,330190,330191,330192,0,38,0,0,1986,0,0,4:10329:49:0;4:10330:49:0;4:10331:19:0,9:0:200:0,4:10350:4:0,1;2,1;1
43019,sheet_equipment.name.435,fuzhu_jie_3,3,4,sheet_equipment.description.435,5,4,67,430190,430191,430192,0,38,0,0,2159,0,0,4:10329:49:0;4:10330:49:0;4:10331:19:0,9:0:200:0,4:10350:4:0,1;2,1;1
53019,sheet_equipment.name.535,zonghe_jie_3,3,5,sheet_equipment.description.535,5,4,72,530190,530191,530192,0,38,0,0,3282,0,0,4:10326:49:0;4:10327:49:0;4:10328:19:0,9:0:200:0,4:10350:4:0,1;2,1;1
11020,sheet_equipment.name.115,fangyu_wuqi_3,1,1,sheet_equipment.description.115,5,5,72,110200,110201,110202,0,40,0,1,422,0,0,4:10326:55:0;4:10327:55:0;4:10328:21:0;4:10304:1:0,9:0:200:0,4:10350:4:0,2;3,1;1
21020,sheet_equipment.name.215,wuli_wuqi_3,1,2,sheet_equipment.description.215,5,5,72,210200,210201,210202,0,40,0,1,559,0,0,4:10326:55:0;4:10327:55:0;4:10328:21:0;4:10304:1:0,9:0:200:0,4:10350:4:0,2;3,1;1
31020,sheet_equipment.name.315,fashi_wuqi_3,1,3,sheet_equipment.description.315,5,5,72,310200,310201,310202,0,40,0,2,664,0,0,4:10329:55:0;4:10330:55:0;4:10331:21:0;4:10304:1:0,9:0:200:0,4:10350:4:0,2;3,1;1
41020,sheet_equipment.name.415,fuzhu_wuqi_3,1,4,sheet_equipment.description.415,5,5,72,410200,410201,410202,0,40,0,2,488,0,0,4:10329:55:0;4:10330:55:0;4:10331:21:0;4:10304:1:0,9:0:200:0,4:10350:4:0,2;3,1;1
51020,sheet_equipment.name.515,zonghe_wuqi_3,1,5,sheet_equipment.description.515,5,5,70,510200,510201,510202,0,40,0,1,531,0,0,4:10326:55:0;4:10327:55:0;4:10328:21:0;4:10304:1:0,9:0:200:0,4:10350:4:0,2;3,1;1
12020,sheet_equipment.name.125,fangyu_yi_3,2,1,sheet_equipment.description.125,5,5,70,120200,120201,120202,0,40,0,3,351,0,0,4:10326:55:0;4:10327:55:0;4:10328:21:0;4:10304:1:0,9:0:200:0,4:10350:4:0,1;3,1;1
22020,sheet_equipment.name.225,wuli_yi_3,2,2,sheet_equipment.description.225,5,5,70,220200,220201,220202,0,40,0,3,240,0,0,4:10326:55:0;4:10327:55:0;4:10328:21:0;4:10304:1:0,9:0:200:0,4:10350:4:0,1;3,1;1
32020,sheet_equipment.name.325,fashi_yi_3,2,3,sheet_equipment.description.325,5,5,70,320200,320201,320202,0,40,0,3,215,0,0,4:10329:55:0;4:10330:55:0;4:10331:21:0;4:10304:1:0,9:0:200:0,4:10350:4:0,1;3,1;1
42020,sheet_equipment.name.425,fuzhu_yi_3,2,4,sheet_equipment.description.425,5,5,70,420200,420201,420202,0,40,0,3,205,0,0,4:10329:55:0;4:10330:55:0;4:10331:21:0;4:10304:1:0,9:0:200:0,4:10350:4:0,1;3,1;1
52020,sheet_equipment.name.525,zonghe_yi_3,2,5,sheet_equipment.description.525,5,5,71,520200,520201,520202,0,40,0,3,308,0,0,4:10326:55:0;4:10327:55:0;4:10328:21:0;4:10304:1:0,9:0:200:0,4:10350:4:0,1;3,1;1
13020,sheet_equipment.name.135,fangyu_jie_3,3,1,sheet_equipment.description.135,5,5,71,130200,130201,130202,0,40,0,0,3988,0,0,4:10326:55:0;4:10327:55:0;4:10328:21:0;4:10304:1:0,9:0:200:0,4:10350:4:0,1;2,1;1
23020,sheet_equipment.name.235,wuli_jie_3,3,2,sheet_equipment.description.235,5,5,71,230200,230201,230202,0,40,0,0,2801,0,0,4:10326:55:0;4:10327:55:0;4:10328:21:0;4:10304:1:0,9:0:200:0,4:10350:4:0,1;2,1;1
33020,sheet_equipment.name.335,fashi_jie_3,3,3,sheet_equipment.description.335,5,5,71,330200,330201,330202,0,40,0,0,2158,0,0,4:10329:55:0;4:10330:55:0;4:10331:21:0;4:10304:1:0,9:0:200:0,4:10350:4:0,1;2,1;1
43020,sheet_equipment.name.435,fuzhu_jie_3,3,4,sheet_equipment.description.435,5,5,71,430200,430201,430202,0,40,0,0,2345,0,0,4:10329:55:0;4:10330:55:0;4:10331:21:0;4:10304:1:0,9:0:200:0,4:10350:4:0,1;2,1;1
53020,sheet_equipment.name.535,zonghe_jie_3,3,5,sheet_equipment.description.535,5,5,76,530200,530201,530202,0,40,0,0,3565,0,0,4:10326:55:0;4:10327:55:0;4:10328:21:0;4:10304:1:0,9:0:200:0,4:10350:4:0,1;2,1;1
11021,sheet_equipment.name.115,fangyu_wuqi_3,1,1,sheet_equipment.description.115,6,6,76,110210,110211,110212,0,42,0,1,473,0,0,0,9:0:800:0,4:10350:6:0,2;3,1;1
21021,sheet_equipment.name.215,wuli_wuqi_3,1,2,sheet_equipment.description.215,6,6,76,210210,210211,210212,0,42,0,1,627,0,0,0,9:0:800:0,4:10350:6:0,2;3,1;1
31021,sheet_equipment.name.315,fashi_wuqi_3,1,3,sheet_equipment.description.315,6,6,76,310210,310211,310212,0,42,0,2,745,0,0,0,9:0:800:0,4:10350:6:0,2;3,1;1
41021,sheet_equipment.name.415,fuzhu_wuqi_3,1,4,sheet_equipment.description.415,6,6,76,410210,410211,410212,0,42,0,2,548,0,0,0,9:0:800:0,4:10350:6:0,2;3,1;1
51021,sheet_equipment.name.515,zonghe_wuqi_3,1,5,sheet_equipment.description.515,6,6,74,510210,510211,510212,0,42,0,1,596,0,0,0,9:0:800:0,4:10350:6:0,2;3,1;1
12021,sheet_equipment.name.125,fangyu_yi_3,2,1,sheet_equipment.description.125,6,6,74,120210,120211,120212,0,42,0,3,394,0,0,0,9:0:800:0,4:10350:6:0,1;3,1;1
22021,sheet_equipment.name.225,wuli_yi_3,2,2,sheet_equipment.description.225,6,6,74,220210,220211,220212,0,42,0,3,269,0,0,0,9:0:800:0,4:10350:6:0,1;3,1;1
32021,sheet_equipment.name.325,fashi_yi_3,2,3,sheet_equipment.description.325,6,6,74,320210,320211,320212,0,42,0,3,241,0,0,0,9:0:800:0,4:10350:6:0,1;3,1;1
42021,sheet_equipment.name.425,fuzhu_yi_3,2,4,sheet_equipment.description.425,6,6,74,420210,420211,420212,0,42,0,3,230,0,0,0,9:0:800:0,4:10350:6:0,1;3,1;1
52021,sheet_equipment.name.525,zonghe_yi_3,2,5,sheet_equipment.description.525,6,6,75,520210,520211,520212,0,42,0,3,346,0,0,0,9:0:800:0,4:10350:6:0,1;3,1;1
13021,sheet_equipment.name.135,fangyu_jie_3,3,1,sheet_equipment.description.135,6,6,75,130210,130211,130212,0,42,0,0,4473,0,0,0,9:0:800:0,4:10350:6:0,1;2,1;1
23021,sheet_equipment.name.235,wuli_jie_3,3,2,sheet_equipment.description.235,6,6,75,230210,230211,230212,0,42,0,0,3142,0,0,0,9:0:800:0,4:10350:6:0,1;2,1;1
33021,sheet_equipment.name.335,fashi_jie_3,3,3,sheet_equipment.description.335,6,6,75,330210,330211,330212,0,42,0,0,2420,0,0,0,9:0:800:0,4:10350:6:0,1;2,1;1
43021,sheet_equipment.name.435,fuzhu_jie_3,3,4,sheet_equipment.description.435,6,6,75,430210,430211,430212,0,42,0,0,2631,0,0,0,9:0:800:0,4:10350:6:0,1;2,1;1
53021,sheet_equipment.name.535,zonghe_jie_3,3,5,sheet_equipment.description.535,6,6,79,530210,530211,530212,0,42,0,0,3999,0,0,0,9:0:800:0,4:10350:6:0,1;2,1;1
