id,des,prize_id,weight,drop_type
1,单抽英雄池,1,1,1
2,十连抽英雄池,2,1,1
3,荣誉包英雄池,3,1,1
4,十连抽必掉英雄池,4,1,1
5,橙色英雄保护池,5,1,1
21,首次单抽必掉,21,1,1
23,副本一首次通关奖励,23,1,0
24,首通2-6副本奖励,24,1,0
25,首通1-12副本奖励,25,1,0
26,首通1-6副本奖励,26,1,0
27,副本首通狼,27,1,0
28,零时进阶材料1,28,1,0
29,首通1-9英雄,29,1,0
30,首通1-9英雄,30,1,0
31,首通2-5经验药水,31,1,0
32,首通2-12升星,32,1,0
101,简单首通奖励1,101,1,0
102,简单首通奖励2,102,1,0
103,简单首通奖励3,103,1,0
104,简单首通奖励4,104,1,0
105,简单首通奖励5,105,1,0
106,简单首通奖励6,106,1,0
107,简单首通奖励7,107,1,0
108,简单首通奖励8,108,1,0
109,简单首通奖励9,109,1,0
110,简单首通奖励10,110,1,0
111,普通首通奖励1,111,1,0
112,普通首通奖励2,112,1,0
113,普通首通奖励3,113,1,0
114,普通首通奖励4,114,1,0
115,普通首通奖励5,115,1,0
116,普通首通奖励6,116,1,0
117,普通首通奖励7,117,1,0
118,普通首通奖励8,118,1,0
119,普通首通奖励9,119,1,0
120,普通首通奖励10,120,1,0
121,困难首通奖励1,121,1,0
122,困难首通奖励2,122,1,0
123,困难首通奖励3,123,1,0
124,困难首通奖励4,124,1,0
125,困难首通奖励5,125,1,0
126,困难首通奖励6,126,1,0
127,困难首通奖励7,127,1,0
128,困难首通奖励8,128,1,0
129,困难首通奖励9,129,1,0
130,困难首通奖励10,130,1,0
201,合成成功1星,201,1,1
202,合成成功2星,202,1,1
203,合成成功3星,203,1,1
204,合成成功4星,204,1,1
205,合成成功5星,205,1,1
206,合成成功6星,206,1,1
207,合成失败1星,207,1,1
208,合成失败2星,208,1,1
209,合成失败3星,209,1,1
210,合成失败4星,210,1,1
211,合成失败5星,211,1,1
212,合成失败6星,212,1,1
401,临时合成材料,401,1,2
402,小经验药水,402,1,0
403,中经验药水,403,1,0
404,大经验要是,404,1,0
405,随机好友礼包,405,1,1
501,每日副本1简单1,501,1,1
502,每日副本1简单2,502,1,1
503,每日副本1简单3,503,1,1
504,每日副本1普通1,504,1,1
505,每日副本1普通2,505,1,1
506,每日副本1普通3,506,1,1
507,每日副本1困难1,507,1,1
508,每日副本1困难2,508,1,1
509,每日副本1困难3,509,1,1
510,每日副本1地狱1,510,1,1
511,每日副本1地狱2,511,1,1
512,每日副本1地狱3,512,1,1
513,每日副本2简单1,513,1,1
514,每日副本2简单2,514,1,1
515,每日副本2简单3,515,1,1
516,每日副本2普通1,516,1,1
517,每日副本2普通2,517,1,1
518,每日副本2普通3,518,1,1
519,每日副本2困难1,519,1,1
520,每日副本2困难2,520,1,1
521,每日副本2困难3,521,1,1
522,每日副本2地狱1,522,1,1
523,每日副本2地狱2,523,1,1
524,每日副本2地狱3,524,1,1
525,每日周末简单1,525,1,1
526,每日周末简单2,526,1,1
527,每日周末简单3,527,1,1
528,每日周末简单4,528,1,1
529,每日周末金币,529,1,1
530,每日周末金币,530,1,1
531,每日周末金币,531,1,1
532,每日周末金币,532,1,1
533,每日周末金币,533,1,1
534,每日周末金币,534,1,1
535,每日周末金币,535,1,1
536,每日周末金币,536,1,1
537,每日周末金币,537,1,1
538,每日周末金币,538,1,1
551,远征奖励关卡1,551,1,0
552,远征奖励关卡2,552,1,0
553,远征奖励关卡3,553,1,0
554,远征奖励关卡4,554,1,0
555,远征奖励关卡5,555,1,0
556,远征奖励关卡6,556,1,0
557,远征奖励关卡7,557,1,0
558,远征奖励关卡8,558,1,0
559,远征奖励关卡9,559,1,0
560,远征奖励关卡10,560,1,0
561,远征奖励关卡11,561,1,0
562,远征奖励关卡12,562,1,0
563,远征奖励关卡13,563,1,0
564,远征奖励关卡14,564,1,0
565,远征奖励关卡15,565,1,0
566,远征奖励关卡16,566,1,0
567,远征奖励关卡17,567,1,0
568,远征奖励关卡18,568,1,0
569,远征奖励关卡19,569,1,0
570,远征奖励关卡20,570,1,0
599,远征通用掉落,599,1,1
601,世界树奖励1,601,1,0
602,世界树奖励2,602,1,0
603,世界树奖励3,603,1,0
604,世界树奖励4,604,1,0
605,世界树奖励5,605,1,0
606,世界树奖励6,606,1,0
607,世界树奖励7,607,1,0
608,世界树奖励8,608,1,0
609,世界树奖励9,609,1,0
610,世界树奖励10,610,1,0
611,世界树奖励11,611,1,0
612,世界树奖励12,612,1,0
613,世界树奖励13,613,1,0
614,世界树奖励14,614,1,0
615,世界树奖励15,615,1,0
616,世界树奖励16,616,1,0
617,世界树奖励17,617,1,0
618,世界树奖励18,618,1,0
619,世界树奖励19,619,1,0
620,世界树奖励20,620,1,0
621,世界树奖励21,621,1,0
622,世界树奖励22,622,1,0
623,世界树奖励23,623,1,0
624,世界树奖励24,624,1,0
625,世界树奖励25,625,1,0
626,世界树奖励26,626,1,0
627,世界树奖励27,627,1,0
628,世界树奖励28,628,1,0
629,世界树奖励29,629,1,0
630,世界树奖励30,630,1,0
631,世界树奖励31,631,1,0
632,世界树奖励32,632,1,0
633,世界树奖励33,633,1,0
634,世界树奖励34,634,1,0
635,世界树奖励35,635,1,0
636,世界树奖励36,636,1,0
637,世界树奖励37,637,1,0
638,世界树奖励38,638,1,0
639,世界树奖励39,639,1,0
640,世界树奖励40,640,1,0
641,世界树奖励41,641,1,0
642,世界树奖励42,642,1,0
643,世界树奖励43,643,1,0
644,世界树奖励44,644,1,0
645,世界树奖励45,645,1,0
646,世界树奖励46,646,1,0
647,世界树奖励47,647,1,0
648,世界树奖励48,648,1,0
649,世界树奖励49,649,1,0
650,世界树奖励50,650,1,0
651,世界树奖励51,651,1,0
652,世界树奖励52,652,1,0
653,世界树奖励53,653,1,0
654,世界树奖励54,654,1,0
655,世界树奖励55,655,1,0
656,世界树奖励56,656,1,0
657,世界树奖励57,657,1,0
658,世界树奖励58,658,1,0
659,世界树奖励59,659,1,0
660,世界树奖励60,660,1,0
661,世界树奖励61,661,1,0
662,世界树奖励62,662,1,0
663,世界树奖励63,663,1,0
664,世界树奖励64,664,1,0
665,世界树奖励65,665,1,0
666,世界树奖励66,666,1,0
667,世界树奖励67,667,1,0
668,世界树奖励68,668,1,0
669,世界树奖励69,669,1,0
670,世界树奖励70,670,1,0
671,世界树奖励71,671,1,0
672,世界树奖励72,672,1,0
673,世界树奖励73,673,1,0
674,世界树奖励74,674,1,0
675,世界树奖励75,675,1,0
676,世界树奖励76,676,1,0
677,世界树奖励77,677,1,0
678,世界树奖励78,678,1,0
679,世界树奖励79,679,1,0
680,世界树奖励80,680,1,0
681,世界树奖励81,681,1,0
682,世界树奖励82,682,1,0
683,世界树奖励83,683,1,0
684,世界树奖励84,684,1,0
685,世界树奖励85,685,1,0
686,世界树奖励86,686,1,0
687,世界树奖励87,687,1,0
688,世界树奖励88,688,1,0
689,世界树奖励89,689,1,0
690,世界树奖励90,690,1,0
691,世界树奖励91,691,1,0
692,世界树奖励92,692,1,0
693,世界树奖励93,693,1,0
694,世界树奖励94,694,1,0
695,世界树奖励95,695,1,0
696,世界树奖励96,696,1,0
697,世界树奖励97,697,1,0
698,世界树奖励98,698,1,0
699,世界树奖励99,699,1,0
700,世界树奖励100,700,1,0
701,世界树奖励101,701,1,0
702,世界树奖励102,702,1,0
703,世界树奖励103,703,1,0
704,世界树奖励104,704,1,0
705,世界树奖励105,705,1,0
706,世界树奖励106,706,1,0
707,世界树奖励107,707,1,0
708,世界树奖励108,708,1,0
709,世界树奖励109,709,1,0
710,世界树奖励110,710,1,0
711,世界树奖励111,711,1,0
712,世界树奖励112,712,1,0
713,世界树奖励113,713,1,0
714,世界树奖励114,714,1,0
715,世界树奖励115,715,1,0
716,世界树奖励116,716,1,0
717,世界树奖励117,717,1,0
718,世界树奖励118,718,1,0
719,世界树奖励119,719,1,0
720,世界树奖励120,720,1,0
721,世界树奖励121,721,1,0
722,世界树奖励122,722,1,0
723,世界树奖励123,723,1,0
724,世界树奖励124,724,1,0
725,世界树奖励125,725,1,0
726,世界树奖励126,726,1,0
727,世界树奖励127,727,1,0
728,世界树奖励128,728,1,0
729,世界树奖励129,729,1,0
730,世界树奖励130,730,1,0
731,世界树奖励131,731,1,0
732,世界树奖励132,732,1,0
733,世界树奖励133,733,1,0
734,世界树奖励134,734,1,0
735,世界树奖励135,735,1,0
736,世界树奖励136,736,1,0
737,世界树奖励137,737,1,0
738,世界树奖励138,738,1,0
739,世界树奖励139,739,1,0
740,世界树奖励140,740,1,0
741,世界树奖励141,741,1,0
742,世界树奖励142,742,1,0
743,世界树奖励143,743,1,0
744,世界树奖励144,744,1,0
745,世界树奖励145,745,1,0
746,世界树奖励146,746,1,0
747,世界树奖励147,747,1,0
748,世界树奖励148,748,1,0
749,世界树奖励149,749,1,0
750,世界树奖励150,750,1,0
751,世界树奖励151,751,1,0
752,世界树奖励152,752,1,0
753,世界树奖励153,753,1,0
754,世界树奖励154,754,1,0
755,世界树奖励155,755,1,0
756,世界树奖励156,756,1,0
757,世界树奖励157,757,1,0
758,世界树奖励158,758,1,0
759,世界树奖励159,759,1,0
760,世界树奖励160,760,1,0
761,世界树奖励161,761,1,0
762,世界树奖励162,762,1,0
763,世界树奖励163,763,1,0
764,世界树奖励164,764,1,0
765,世界树奖励165,765,1,0
766,世界树奖励166,766,1,0
767,世界树奖励167,767,1,0
768,世界树奖励168,768,1,0
769,世界树奖励169,769,1,0
770,世界树奖励170,770,1,0
771,世界树奖励171,771,1,0
772,世界树奖励172,772,1,0
773,世界树奖励173,773,1,0
774,世界树奖励174,774,1,0
775,世界树奖励175,775,1,0
776,世界树奖励176,776,1,0
777,世界树奖励177,777,1,0
778,世界树奖励178,778,1,0
779,世界树奖励179,779,1,0
780,世界树奖励180,780,1,0
781,世界树奖励181,781,1,0
782,世界树奖励182,782,1,0
783,世界树奖励183,783,1,0
784,世界树奖励184,784,1,0
785,世界树奖励185,785,1,0
786,世界树奖励186,786,1,0
787,世界树奖励187,787,1,0
788,世界树奖励188,788,1,0
789,世界树奖励189,789,1,0
790,世界树奖励190,790,1,0
791,世界树奖励191,791,1,0
792,世界树奖励192,792,1,0
793,世界树奖励193,793,1,0
794,世界树奖励194,794,1,0
795,世界树奖励195,795,1,0
796,世界树奖励196,796,1,0
797,世界树奖励197,797,1,0
798,世界树奖励198,798,1,0
799,世界树奖励199,799,1,0
800,世界树奖励200,800,1,0
3001,副本额外几率掉落,3001,100,-1
3002,副本额外几率掉落,3002,100,-1
3003,副本额外几率掉落,3003,100,-1
3004,副本额外几率掉落,3004,100,-1
3005,副本额外几率掉落,3005,100,-1
3006,副本额外几率掉落,3006,100,-1
3007,副本额外几率掉落,3007,100,-1
3008,副本额外几率掉落,3008,100,-1
3009,副本额外几率掉落,3009,100,-1
3010,副本额外几率掉落,3010,100,-1
3011,副本额外几率掉落,3011,100,-1
3012,副本额外几率掉落,3012,100,-1
3013,副本额外几率掉落,3013,100,-1
3014,副本额外几率掉落,3014,100,-1
3015,副本额外几率掉落,3015,100,-1
3016,副本额外几率掉落,3016,100,-1
3017,副本额外几率掉落,3017,100,-1
3018,副本额外几率掉落,3018,100,-1
3019,副本额外几率掉落,3019,100,-1
3020,副本额外几率掉落,3020,100,-1
3021,副本额外几率掉落,3021,100,-1
3022,副本额外几率掉落,3022,100,-1
3023,副本额外几率掉落,3023,100,-1
3024,副本额外几率掉落,3024,100,-1
3025,副本额外几率掉落,3025,100,-1
3026,副本额外几率掉落,3026,100,-1
3027,副本额外几率掉落,3027,100,-1
3028,副本额外几率掉落,3028,100,-1
3029,副本额外几率掉落,3029,100,-1
3030,副本额外几率掉落,3030,100,-1
3031,副本额外几率掉落,3031,100,-1
3032,副本额外几率掉落,3032,100,-1
3033,副本额外几率掉落,3033,100,-1
3034,副本额外几率掉落,3034,100,-1
3035,副本额外几率掉落,3035,100,-1
3036,副本额外几率掉落,3036,100,-1
3037,副本额外几率掉落,3037,100,-1
3038,副本额外几率掉落,3038,100,-1
3039,副本额外几率掉落,3039,100,-1
3040,副本额外几率掉落,3040,100,-1
3041,副本额外几率掉落,3041,100,-1
3042,副本额外几率掉落,3042,100,-1
3043,副本额外几率掉落,3043,100,-1
3044,副本额外几率掉落,3044,100,-1
3045,副本额外几率掉落,3045,100,-1
3046,副本额外几率掉落,3046,100,-1
3047,副本额外几率掉落,3047,100,-1
3048,副本额外几率掉落,3048,100,-1
3049,副本额外几率掉落,3049,100,-1
3050,副本额外几率掉落,3050,100,-1
3051,副本额外几率掉落,3051,100,-1
3052,副本额外几率掉落,3052,100,-1
3053,副本额外几率掉落,3053,100,-1
3054,副本额外几率掉落,3054,100,-1
3055,副本额外几率掉落,3055,100,-1
3056,副本额外几率掉落,3056,100,-1
3057,副本额外几率掉落,3057,100,-1
3058,副本额外几率掉落,3058,100,-1
3059,副本额外几率掉落,3059,100,-1
3060,副本额外几率掉落,3060,100,-1
3201,副本额外几率掉落,3201,100,-1
3202,副本额外几率掉落,3202,100,-1
3203,副本额外几率掉落,3203,100,-1
3204,副本额外几率掉落,3204,100,-1
3205,副本额外几率掉落,3205,100,-1
3206,副本额外几率掉落,3206,100,-1
3207,副本额外几率掉落,3207,100,-1
3208,副本额外几率掉落,3208,100,-1
3209,副本额外几率掉落,3209,100,-1
3210,副本额外几率掉落,3210,100,-1
3211,副本额外几率掉落,3211,100,-1
3212,副本额外几率掉落,3212,100,-1
3213,副本额外几率掉落,3213,100,-1
3214,副本额外几率掉落,3214,100,-1
3215,副本额外几率掉落,3215,100,-1
3216,副本额外几率掉落,3216,100,-1
3217,副本额外几率掉落,3217,100,-1
3218,副本额外几率掉落,3218,100,-1
3219,副本额外几率掉落,3219,100,-1
3220,副本额外几率掉落,3220,100,-1
3221,副本额外几率掉落,3221,100,-1
3222,副本额外几率掉落,3222,100,-1
3223,副本额外几率掉落,3223,100,-1
3224,副本额外几率掉落,3224,100,-1
3225,副本额外几率掉落,3225,100,-1
3226,副本额外几率掉落,3226,100,-1
3227,副本额外几率掉落,3227,100,-1
3228,副本额外几率掉落,3228,100,-1
3229,副本额外几率掉落,3229,100,-1
3230,副本额外几率掉落,3230,100,-1
3231,副本额外几率掉落,3231,100,-1
3232,副本额外几率掉落,3232,100,-1
3233,副本额外几率掉落,3233,100,-1
3234,副本额外几率掉落,3234,100,-1
3235,副本额外几率掉落,3235,100,-1
3236,副本额外几率掉落,3236,100,-1
3237,副本额外几率掉落,3237,100,-1
3238,副本额外几率掉落,3238,100,-1
3239,副本额外几率掉落,3239,100,-1
3240,副本额外几率掉落,3240,100,-1
3241,副本额外几率掉落,3241,100,-1
3242,副本额外几率掉落,3242,100,-1
3243,副本额外几率掉落,3243,100,-1
3244,副本额外几率掉落,3244,100,-1
3245,副本额外几率掉落,3245,100,-1
3246,副本额外几率掉落,3246,100,-1
3247,副本额外几率掉落,3247,100,-1
3248,副本额外几率掉落,3248,100,-1
3249,副本额外几率掉落,3249,100,-1
3250,副本额外几率掉落,3250,100,-1
3251,副本额外几率掉落,3251,100,-1
3252,副本额外几率掉落,3252,100,-1
3253,副本额外几率掉落,3253,100,-1
3254,副本额外几率掉落,3254,100,-1
3255,副本额外几率掉落,3255,100,-1
3256,副本额外几率掉落,3256,100,-1
3257,副本额外几率掉落,3257,100,-1
3258,副本额外几率掉落,3258,100,-1
3259,副本额外几率掉落,3259,100,-1
3260,副本额外几率掉落,3260,100,-1
3401,副本额外几率掉落,3401,100,-1
3402,副本额外几率掉落,3402,100,-1
3403,副本额外几率掉落,3403,100,-1
3404,副本额外几率掉落,3404,100,-1
3405,副本额外几率掉落,3405,100,-1
3406,副本额外几率掉落,3406,100,-1
3407,副本额外几率掉落,3407,100,-1
3408,副本额外几率掉落,3408,100,-1
3409,副本额外几率掉落,3409,100,-1
3410,副本额外几率掉落,3410,100,-1
3411,副本额外几率掉落,3411,100,-1
3412,副本额外几率掉落,3412,100,-1
3413,副本额外几率掉落,3413,100,-1
3414,副本额外几率掉落,3414,100,-1
3415,副本额外几率掉落,3415,100,-1
3416,副本额外几率掉落,3416,100,-1
3417,副本额外几率掉落,3417,100,-1
3418,副本额外几率掉落,3418,100,-1
3419,副本额外几率掉落,3419,100,-1
3420,副本额外几率掉落,3420,100,-1
3421,副本额外几率掉落,3421,100,-1
3422,副本额外几率掉落,3422,100,-1
3423,副本额外几率掉落,3423,100,-1
3424,副本额外几率掉落,3424,100,-1
3425,副本额外几率掉落,3425,100,-1
3426,副本额外几率掉落,3426,100,-1
3427,副本额外几率掉落,3427,100,-1
3428,副本额外几率掉落,3428,100,-1
3429,副本额外几率掉落,3429,100,-1
3430,副本额外几率掉落,3430,100,-1
3431,副本额外几率掉落,3431,100,-1
3432,副本额外几率掉落,3432,100,-1
3433,副本额外几率掉落,3433,100,-1
3434,副本额外几率掉落,3434,100,-1
3435,副本额外几率掉落,3435,100,-1
3436,副本额外几率掉落,3436,100,-1
3437,副本额外几率掉落,3437,100,-1
3438,副本额外几率掉落,3438,100,-1
3439,副本额外几率掉落,3439,100,-1
3440,副本额外几率掉落,3440,100,-1
3441,副本额外几率掉落,3441,100,-1
3442,副本额外几率掉落,3442,100,-1
3443,副本额外几率掉落,3443,100,-1
3444,副本额外几率掉落,3444,100,-1
3445,副本额外几率掉落,3445,100,-1
3446,副本额外几率掉落,3446,100,-1
3447,副本额外几率掉落,3447,100,-1
3448,副本额外几率掉落,3448,100,-1
3449,副本额外几率掉落,3449,100,-1
3450,副本额外几率掉落,3450,100,-1
3451,副本额外几率掉落,3451,100,-1
3452,副本额外几率掉落,3452,100,-1
3453,副本额外几率掉落,3453,100,-1
3454,副本额外几率掉落,3454,100,-1
3455,副本额外几率掉落,3455,100,-1
3456,副本额外几率掉落,3456,100,-1
3457,副本额外几率掉落,3457,100,-1
3458,副本额外几率掉落,3458,100,-1
3459,副本额外几率掉落,3459,100,-1
3460,副本额外几率掉落,3460,100,-1
4001,副本首通奖励简单1,4001,100,0
4002,副本首通奖励简单2,4002,100,0
4003,副本首通奖励简单3,4003,100,0
4004,副本首通奖励简单4,4004,100,0
4005,副本首通奖励简单5,4005,100,0
4006,副本首通奖励简单6,4006,100,0
4007,副本首通奖励简单7,4007,100,0
4008,副本首通奖励简单8,4008,100,0
4009,副本首通奖励简单9,4009,100,0
4010,副本首通奖励简单10,4010,100,0
4011,副本首通奖励简单11,4011,100,0
4012,副本首通奖励简单12,4012,100,0
4013,副本首通奖励简单13,4013,100,0
4014,副本首通奖励简单14,4014,100,0
4015,副本首通奖励简单15,4015,100,0
4016,副本首通奖励简单16,4016,100,0
4017,副本首通奖励简单17,4017,100,0
4018,副本首通奖励简单18,4018,100,0
4019,副本首通奖励简单19,4019,100,0
4020,副本首通奖励简单20,4020,100,0
4021,副本首通奖励简单21,4021,100,0
4022,副本首通奖励简单22,4022,100,0
4023,副本首通奖励简单23,4023,100,0
4024,副本首通奖励简单24,4024,100,0
4025,副本首通奖励简单25,4025,100,0
4030,副本首通奖励简单30,4030,100,0
4036,副本首通奖励简单36,4036,100,0
4048,副本首通奖励简单48,4048,100,0
5001,铁质长枪,5001,100,1
5002,铁质战斧,5002,100,1
5003,长柄魔杖,5003,100,1
5004,轻木权杖,5004,100,1
5005,铁质大剑,5005,100,1
5006,铁质铠甲,5006,100,1
5007,兽皮战甲,5007,100,1
5008,棉质法袍,5008,100,1
5009,棉质风衣,5009,100,1
5010,铁质锁甲,5010,100,1
5011,铁质勋章,5011,100,1
5012,兽牙项链,5012,100,1
5013,珍珠戒指,5013,100,1
5014,恢复圣典,5014,100,1
5015,兽骨指环,5015,100,1
5016,强化的铁质长枪,5016,100,1
5017,强化的铁质战斧,5017,100,1
5018,强化的长柄魔杖,5018,100,1
5019,强化的轻木权杖,5019,100,1
5020,强化的铁质大剑,5020,100,1
5021,强化的铁质铠甲,5021,100,1
5022,强化的兽皮战甲,5022,100,1
5023,强化的棉质法袍,5023,100,1
5024,强化的棉质风衣,5024,100,1
5025,强化的铁质锁甲,5025,100,1
5026,强化的铁质勋章,5026,100,1
5027,强化的兽牙项链,5027,100,1
5028,强化的珍珠戒指,5028,100,1
5029,强化的恢复圣典,5029,100,1
5030,强化的兽骨指环,5030,100,1
5031,誓言长枪,5031,100,1
5032,无畏战斧,5032,100,1
5033,暴风魔杖,5033,100,1
5034,祈祷权杖,5034,100,1
5035,雷霆大剑,5035,100,1
5036,誓言铠甲,5036,100,1
5037,无畏战甲,5037,100,1
5038,暴风法袍,5038,100,1
5039,祈祷风衣,5039,100,1
5040,雷霆锁甲,5040,100,1
5041,誓言勋章,5041,100,1
5042,无畏项链,5042,100,1
5043,暴风戒指,5043,100,1
5044,祈祷圣典,5044,100,1
5045,雷霆指环,5045,100,1
5046,审判长枪,5046,100,1
5047,裂空战斧,5047,100,1
5048,飓风魔杖,5048,100,1
5049,神佑权杖,5049,100,1
5050,毁灭大剑,5050,100,1
5051,审判铠甲,5051,100,1
5052,裂空战甲,5052,100,1
5053,飓风法袍,5053,100,1
5054,神佑风衣,5054,100,1
5055,毁灭锁甲,5055,100,1
5056,审判勋章,5056,100,1
5057,裂空项链,5057,100,1
5058,飓风戒指,5058,100,1
5059,神佑圣典,5059,100,1
5060,毁灭指环,5060,100,1
6000,副本特殊掉落,6000,1,1
7001,简单副本装备掉落,7011,10000,1
7002,简单副本装备掉落,7011,10000,1
7003,简单副本装备掉落,7011,10000,1
7004,简单副本装备掉落,7011,10000,1
7005,简单副本装备掉落,7021,10000,1
7006,简单副本装备掉落,7021,10000,1
7007,简单副本装备掉落,7021,10000,1
7008,简单副本装备掉落,7021,10000,1
7009,简单副本装备掉落,7031,10000,1
7010,简单副本装备掉落,7031,10000,1
7011,简单副本装备掉落,7031,10000,1
7012,简单副本装备掉落,7031,10000,1
7013,简单副本装备掉落,7011,10000,1
7014,简单副本装备掉落,7011,10000,1
7015,简单副本装备掉落,7011,10000,1
7016,简单副本装备掉落,7011,10000,1
7017,简单副本装备掉落,7021,10000,1
7018,简单副本装备掉落,7021,10000,1
7019,简单副本装备掉落,7021,10000,1
7020,简单副本装备掉落,7021,10000,1
7021,简单副本装备掉落,7031,10000,1
7022,简单副本装备掉落,7031,10000,1
7023,简单副本装备掉落,7031,10000,1
7024,简单副本装备掉落,7031,10000,1
7025,简单副本装备掉落,7011,10000,1
7026,简单副本装备掉落,7011,10000,1
7027,简单副本装备掉落,7011,10000,1
7028,简单副本装备掉落,7011,10000,1
7029,简单副本装备掉落,7021,10000,1
7030,简单副本装备掉落,7021,10000,1
7031,简单副本装备掉落,7021,10000,1
7032,简单副本装备掉落,7021,10000,1
7033,简单副本装备掉落,7031,10000,1
7034,简单副本装备掉落,7031,10000,1
7035,简单副本装备掉落,7031,10000,1
7036,简单副本装备掉落,7031,10000,1
7037,简单副本装备掉落,7011,10000,1
7038,简单副本装备掉落,7011,10000,1
7039,简单副本装备掉落,7011,10000,1
7040,简单副本装备掉落,7011,10000,1
7041,简单副本装备掉落,7021,10000,1
7042,简单副本装备掉落,7021,10000,1
7043,简单副本装备掉落,7021,10000,1
7044,简单副本装备掉落,7021,10000,1
7045,简单副本装备掉落,7031,10000,1
7046,简单副本装备掉落,7031,10000,1
7047,简单副本装备掉落,7031,10000,1
7048,简单副本装备掉落,7031,10000,1
7049,简单副本装备掉落,7011,10000,1
7050,简单副本装备掉落,7011,10000,1
7051,简单副本装备掉落,7011,10000,1
7052,简单副本装备掉落,7011,10000,1
7053,简单副本装备掉落,7021,10000,1
7054,简单副本装备掉落,7021,10000,1
7055,简单副本装备掉落,7021,10000,1
7056,简单副本装备掉落,7021,10000,1
7057,简单副本装备掉落,7031,10000,1
7058,简单副本装备掉落,7031,10000,1
7059,简单副本装备掉落,7031,10000,1
7060,简单副本装备掉落,7031,10000,1
7201,普通副本装备掉落,7211,10000,1
7202,普通副本装备掉落,7211,10000,1
7203,普通副本装备掉落,7211,10000,1
7204,普通副本装备掉落,7211,10000,1
7205,普通副本装备掉落,7221,10000,1
7206,普通副本装备掉落,7221,10000,1
7207,普通副本装备掉落,7221,10000,1
7208,普通副本装备掉落,7221,10000,1
7209,普通副本装备掉落,7231,10000,1
7210,普通副本装备掉落,7231,10000,1
7211,普通副本装备掉落,7231,10000,1
7212,普通副本装备掉落,7231,10000,1
7213,普通副本装备掉落,7211,10000,1
7214,普通副本装备掉落,7211,10000,1
7215,普通副本装备掉落,7211,10000,1
7216,普通副本装备掉落,7211,10000,1
7217,普通副本装备掉落,7221,10000,1
7218,普通副本装备掉落,7221,10000,1
7219,普通副本装备掉落,7221,10000,1
7220,普通副本装备掉落,7221,10000,1
7221,普通副本装备掉落,7231,10000,1
7222,普通副本装备掉落,7231,10000,1
7223,普通副本装备掉落,7231,10000,1
7224,普通副本装备掉落,7231,10000,1
7225,普通副本装备掉落,7211,10000,1
7226,普通副本装备掉落,7211,10000,1
7227,普通副本装备掉落,7211,10000,1
7228,普通副本装备掉落,7211,10000,1
7229,普通副本装备掉落,7221,10000,1
7230,普通副本装备掉落,7221,10000,1
7231,普通副本装备掉落,7221,10000,1
7232,普通副本装备掉落,7221,10000,1
7233,普通副本装备掉落,7231,10000,1
7234,普通副本装备掉落,7231,10000,1
7235,普通副本装备掉落,7231,10000,1
7236,普通副本装备掉落,7231,10000,1
7237,普通副本装备掉落,7211,10000,1
7238,普通副本装备掉落,7211,10000,1
7239,普通副本装备掉落,7211,10000,1
7240,普通副本装备掉落,7211,10000,1
7241,普通副本装备掉落,7221,10000,1
7242,普通副本装备掉落,7221,10000,1
7243,普通副本装备掉落,7221,10000,1
7244,普通副本装备掉落,7221,10000,1
7245,普通副本装备掉落,7231,10000,1
7246,普通副本装备掉落,7231,10000,1
7247,普通副本装备掉落,7231,10000,1
7248,普通副本装备掉落,7231,10000,1
7249,普通副本装备掉落,7211,10000,1
7250,普通副本装备掉落,7211,10000,1
7251,普通副本装备掉落,7211,10000,1
7252,普通副本装备掉落,7211,10000,1
7253,普通副本装备掉落,7221,10000,1
7254,普通副本装备掉落,7221,10000,1
7255,普通副本装备掉落,7221,10000,1
7256,普通副本装备掉落,7221,10000,1
7257,普通副本装备掉落,7231,10000,1
7258,普通副本装备掉落,7231,10000,1
7259,普通副本装备掉落,7231,10000,1
7260,普通副本装备掉落,7231,10000,1
7401,困难副本装备掉落,7411,10000,1
7402,困难副本装备掉落,7411,10000,1
7403,困难副本装备掉落,7411,10000,1
7404,困难副本装备掉落,7411,10000,1
7405,困难副本装备掉落,7421,10000,1
7406,困难副本装备掉落,7421,10000,1
7407,困难副本装备掉落,7421,10000,1
7408,困难副本装备掉落,7421,10000,1
7409,困难副本装备掉落,7431,10000,1
7410,困难副本装备掉落,7431,10000,1
7411,困难副本装备掉落,7431,10000,1
7412,困难副本装备掉落,7431,10000,1
7413,困难副本装备掉落,7411,10000,1
7414,困难副本装备掉落,7411,10000,1
7415,困难副本装备掉落,7411,10000,1
7416,困难副本装备掉落,7411,10000,1
7417,困难副本装备掉落,7421,10000,1
7418,困难副本装备掉落,7421,10000,1
7419,困难副本装备掉落,7421,10000,1
7420,困难副本装备掉落,7421,10000,1
7421,困难副本装备掉落,7431,10000,1
7422,困难副本装备掉落,7431,10000,1
7423,困难副本装备掉落,7431,10000,1
7424,困难副本装备掉落,7431,10000,1
7425,困难副本装备掉落,7411,10000,1
7426,困难副本装备掉落,7411,10000,1
7427,困难副本装备掉落,7411,10000,1
7428,困难副本装备掉落,7411,10000,1
7429,困难副本装备掉落,7421,10000,1
7430,困难副本装备掉落,7421,10000,1
7431,困难副本装备掉落,7421,10000,1
7432,困难副本装备掉落,7421,10000,1
7433,困难副本装备掉落,7431,10000,1
7434,困难副本装备掉落,7431,10000,1
7435,困难副本装备掉落,7431,10000,1
7436,困难副本装备掉落,7431,10000,1
7437,困难副本装备掉落,7411,10000,1
7438,困难副本装备掉落,7411,10000,1
7439,困难副本装备掉落,7411,10000,1
7440,困难副本装备掉落,7411,10000,1
7441,困难副本装备掉落,7421,10000,1
7442,困难副本装备掉落,7421,10000,1
7443,困难副本装备掉落,7421,10000,1
7444,困难副本装备掉落,7421,10000,1
7445,困难副本装备掉落,7431,10000,1
7446,困难副本装备掉落,7431,10000,1
7447,困难副本装备掉落,7431,10000,1
7448,困难副本装备掉落,7431,10000,1
7449,困难副本装备掉落,7411,10000,1
7450,困难副本装备掉落,7411,10000,1
7451,困难副本装备掉落,7411,10000,1
7452,困难副本装备掉落,7411,10000,1
7453,困难副本装备掉落,7421,10000,1
7454,困难副本装备掉落,7421,10000,1
7455,困难副本装备掉落,7421,10000,1
7456,困难副本装备掉落,7421,10000,1
7457,困难副本装备掉落,7431,10000,1
7458,困难副本装备掉落,7431,10000,1
7459,困难副本装备掉落,7431,10000,1
7460,困难副本装备掉落,7431,10000,1
8030,简单额外突破材料,8030,10000,-1
8036,简单额外突破材料,8036,10000,-1
8048,简单额外突破材料,8048,10000,-1
8230,普通额外突破材料,8230,10000,-1
8236,普通额外突破材料,8236,10000,-1
8248,普通额外突破材料,8248,10000,-1
8430,困难额外突破材料,8430,10000,-1
8436,困难额外突破材料,8436,10000,-1
8448,困难额外突破材料,8448,10000,-1
10020,绿装失败合成产物,10020,100,1
10021,绿装成功合成产物,10021,100,1
10030,蓝装失败合成产物,10030,100,1
10031,蓝装成功合成产物,10031,100,1
10040,紫装失败合成产物,10040,100,1
10041,紫装成功合成产物,10041,100,1
10539,每日副本3简单1,10539,1,1
10540,每日副本3简单2,10540,1,1
10541,每日副本3简单3,10541,1,1
10542,每日副本3普通1,10542,1,1
10543,每日副本3普通2,10543,1,1
10544,每日副本3普通3,10544,1,1
10545,每日副本3困难1,10545,1,1
10546,每日副本3困难2,10546,1,1
10547,每日副本3困难3,10547,1,1
10548,每日副本3地狱1,10548,1,1
10549,每日副本3地狱2,10549,1,1
10550,每日副本3地狱3,10550,1,1
10551,每日副本经验简单1,10551,1,1
10552,每日副本经验简单2,10552,1,1
10553,每日副本经验简单3,10553,1,1
10554,每日副本经验普通1,10554,1,1
10555,每日副本经验普通2,10555,1,1
10556,每日副本经验普通3,10556,1,1
10557,每日副本经验困难1,10557,1,1
10558,每日副本经验困难2,10558,1,1
10559,每日副本经验困难3,10559,1,1
10560,每日副本经验地狱1,10560,1,1
10561,每日副本经验地狱2,10561,1,1
10562,每日副本经验地狱3,10562,1,1
10563,主角boss201_1,10563,1,1
10564,主角boss201_2,10564,1,1
10565,主角boss202_1,10565,1,1
10566,主角boss202_2,10566,1,1
10567,每日副本浮空羊,10567,1,1
10568,每日副本浮空羊,10568,1,1
10569,每日副本浮空羊,10569,1,1
10570,每日副本浮空羊,10570,1,1
60001,BOSS列表保底掉落,60001,100,1
60002,BOSS列表保底掉落,60002,100,1
60003,BOSS列表保底掉落,60003,100,1
60011,BOSS列表保底掉落,60011,100,1
60012,BOSS列表保底掉落,60012,100,1
60013,BOSS列表保底掉落,60013,100,1
61001,BOSS列表随机掉落,61001,100,1
61002,BOSS列表随机掉落,61002,100,1
61003,BOSS列表随机掉落,61003,100,1
61011,BOSS列表随机掉落,61011,100,1
61012,BOSS列表随机掉落,61012,100,1
61013,BOSS列表随机掉落,61013,100,1
20000000,通用首通奖励1,20000000,100,0
20010001,简单首通奖励1,20010001,100,0
20010002,简单首通奖励2,20010002,100,0
20010003,简单首通奖励3,20010003,100,0
20010004,简单首通奖励4,20010004,100,0
20010005,简单首通奖励5,20010005,100,0
20010006,简单首通奖励6,20010006,100,0
20010007,简单首通奖励7,20010007,100,0
20010008,简单首通奖励8,20010008,100,0
20010009,简单首通奖励9,20010009,100,0
20010010,简单首通奖励10,20010010,100,0
20010011,简单首通奖励11,20010011,100,0
20010012,简单首通奖励12,20010012,100,0
20010013,简单首通奖励13,20010013,100,0
20010014,简单首通奖励14,20010014,100,0
20010015,简单首通奖励15,20010015,100,0
20010016,简单首通奖励16,20010016,100,0
20010017,简单首通奖励17,20010017,100,0
20010018,简单首通奖励18,20010018,100,0
20010019,简单首通奖励19,20010019,100,0
20010020,简单首通奖励20,20010020,100,0
20010021,简单首通奖励21,20010021,100,0
20010022,简单首通奖励22,20010022,100,0
20010023,简单首通奖励23,20010023,100,0
20010024,简单首通奖励24,20010024,100,0
20010025,简单首通奖励25,20010025,100,0
20010026,简单首通奖励26,20010026,100,0
20010027,简单首通奖励27,20010027,100,0
20010028,简单首通奖励28,20010028,100,0
20010029,简单首通奖励29,20010029,100,0
20010030,简单首通奖励30,20010030,100,0
20010031,简单首通奖励31,20010031,100,0
20010032,简单首通奖励32,20010032,100,0
20010033,简单首通奖励33,20010033,100,0
20010034,简单首通奖励34,20010034,100,0
20010035,简单首通奖励35,20010035,100,0
20010036,简单首通奖励36,20010036,100,0
20010037,简单首通奖励37,20010037,100,0
20010038,简单首通奖励38,20010038,100,0
20010039,简单首通奖励39,20010039,100,0
20010040,简单首通奖励40,20010040,100,0
20010041,简单首通奖励41,20010041,100,0
20010042,简单首通奖励42,20010042,100,0
20010043,简单首通奖励43,20010043,100,0
20010044,简单首通奖励44,20010044,100,0
20010045,简单首通奖励45,20010045,100,0
20010046,简单首通奖励46,20010046,100,0
20010047,简单首通奖励47,20010047,100,0
20010048,简单首通奖励48,20010048,100,0
20010049,简单首通奖励49,20010049,100,0
20010050,简单首通奖励50,20010050,100,0
20010051,简单首通奖励51,20010051,100,0
20010052,简单首通奖励52,20010052,100,0
20010053,简单首通奖励53,20010053,100,0
20010054,简单首通奖励54,20010054,100,0
20010055,简单首通奖励55,20010055,100,0
20010056,简单首通奖励56,20010056,100,0
20010057,简单首通奖励57,20010057,100,0
20010058,简单首通奖励58,20010058,100,0
20010059,简单首通奖励59,20010059,100,0
20010060,简单首通奖励60,20010060,100,0
20010061,简单首通奖励61,20010061,100,0
20010062,简单首通奖励62,20010062,100,0
20010063,简单首通奖励63,20010063,100,0
20010064,简单首通奖励64,20010064,100,0
20010065,简单首通奖励65,20010065,100,0
20010066,简单首通奖励66,20010066,100,0
20010067,简单首通奖励67,20010067,100,0
20010068,简单首通奖励68,20010068,100,0
20010069,简单首通奖励69,20010069,100,0
20010070,简单首通奖励70,20010070,100,0
20010071,简单首通奖励71,20010071,100,0
20010072,简单首通奖励72,20010072,100,0
20010073,简单首通奖励73,20010073,100,0
20010074,简单首通奖励74,20010074,100,0
20010075,简单首通奖励75,20010075,100,0
20010076,简单首通奖励76,20010076,100,0
20010077,简单首通奖励77,20010077,100,0
20010078,简单首通奖励78,20010078,100,0
20010079,简单首通奖励79,20010079,100,0
20010080,简单首通奖励80,20010080,100,0
20010081,简单首通奖励81,20010081,100,0
20010082,简单首通奖励82,20010082,100,0
20010083,简单首通奖励83,20010083,100,0
20010084,简单首通奖励84,20010084,100,0
20010085,简单首通奖励85,20010085,100,0
20010086,简单首通奖励86,20010086,100,0
20010087,简单首通奖励87,20010087,100,0
20010088,简单首通奖励88,20010088,100,0
20010089,简单首通奖励89,20010089,100,0
20010090,简单首通奖励90,20010090,100,0
20010091,简单首通奖励91,20010091,100,0
20010092,简单首通奖励92,20010092,100,0
20010093,简单首通奖励93,20010093,100,0
20010094,简单首通奖励94,20010094,100,0
20010095,简单首通奖励95,20010095,100,0
20010096,简单首通奖励96,20010096,100,0
20020001,普通首通奖励1,20020001,100,0
20020002,普通首通奖励2,20020002,100,0
20020003,普通首通奖励3,20020003,100,0
20020004,普通首通奖励4,20020004,100,0
20020005,普通首通奖励5,20020005,100,0
20020006,普通首通奖励6,20020006,100,0
20020007,普通首通奖励7,20020007,100,0
20020008,普通首通奖励8,20020008,100,0
20020009,普通首通奖励9,20020009,100,0
20020010,普通首通奖励10,20020010,100,0
20020011,普通首通奖励11,20020011,100,0
20020012,普通首通奖励12,20020012,100,0
20020013,普通首通奖励13,20020013,100,0
20020014,普通首通奖励14,20020014,100,0
20020015,普通首通奖励15,20020015,100,0
20020016,普通首通奖励16,20020016,100,0
20020017,普通首通奖励17,20020017,100,0
20020018,普通首通奖励18,20020018,100,0
20020019,普通首通奖励19,20020019,100,0
20020020,普通首通奖励20,20020020,100,0
20020021,普通首通奖励21,20020021,100,0
20020022,普通首通奖励22,20020022,100,0
20020023,普通首通奖励23,20020023,100,0
20020024,普通首通奖励24,20020024,100,0
20020025,普通首通奖励25,20020025,100,0
20020026,普通首通奖励26,20020026,100,0
20020027,普通首通奖励27,20020027,100,0
20020028,普通首通奖励28,20020028,100,0
20020029,普通首通奖励29,20020029,100,0
20020030,普通首通奖励30,20020030,100,0
20020031,普通首通奖励31,20020031,100,0
20020032,普通首通奖励32,20020032,100,0
20020033,普通首通奖励33,20020033,100,0
20020034,普通首通奖励34,20020034,100,0
20020035,普通首通奖励35,20020035,100,0
20020036,普通首通奖励36,20020036,100,0
20020037,普通首通奖励37,20020037,100,0
20020038,普通首通奖励38,20020038,100,0
20020039,普通首通奖励39,20020039,100,0
20020040,普通首通奖励40,20020040,100,0
20020041,普通首通奖励41,20020041,100,0
20020042,普通首通奖励42,20020042,100,0
20020043,普通首通奖励43,20020043,100,0
20020044,普通首通奖励44,20020044,100,0
20020045,普通首通奖励45,20020045,100,0
20020046,普通首通奖励46,20020046,100,0
20020047,普通首通奖励47,20020047,100,0
20020048,普通首通奖励48,20020048,100,0
20020049,普通首通奖励49,20020049,100,0
20020050,普通首通奖励50,20020050,100,0
20020051,普通首通奖励51,20020051,100,0
20020052,普通首通奖励52,20020052,100,0
20020053,普通首通奖励53,20020053,100,0
20020054,普通首通奖励54,20020054,100,0
20020055,普通首通奖励55,20020055,100,0
20020056,普通首通奖励56,20020056,100,0
20020057,普通首通奖励57,20020057,100,0
20020058,普通首通奖励58,20020058,100,0
20020059,普通首通奖励59,20020059,100,0
20020060,普通首通奖励60,20020060,100,0
20020061,普通首通奖励61,20020061,100,0
20020062,普通首通奖励62,20020062,100,0
20020063,普通首通奖励63,20020063,100,0
20020064,普通首通奖励64,20020064,100,0
20020065,普通首通奖励65,20020065,100,0
20020066,普通首通奖励66,20020066,100,0
20020067,普通首通奖励67,20020067,100,0
20020068,普通首通奖励68,20020068,100,0
20020069,普通首通奖励69,20020069,100,0
20020070,普通首通奖励70,20020070,100,0
20020071,普通首通奖励71,20020071,100,0
20020072,普通首通奖励72,20020072,100,0
20020073,普通首通奖励73,20020073,100,0
20020074,普通首通奖励74,20020074,100,0
20020075,普通首通奖励75,20020075,100,0
20020076,普通首通奖励76,20020076,100,0
20020077,普通首通奖励77,20020077,100,0
20020078,普通首通奖励78,20020078,100,0
20020079,普通首通奖励79,20020079,100,0
20020080,普通首通奖励80,20020080,100,0
20020081,普通首通奖励81,20020081,100,0
20020082,普通首通奖励82,20020082,100,0
20020083,普通首通奖励83,20020083,100,0
20020084,普通首通奖励84,20020084,100,0
20020085,普通首通奖励85,20020085,100,0
20020086,普通首通奖励86,20020086,100,0
20020087,普通首通奖励87,20020087,100,0
20020088,普通首通奖励88,20020088,100,0
20020089,普通首通奖励89,20020089,100,0
20020090,普通首通奖励90,20020090,100,0
20020091,普通首通奖励91,20020091,100,0
20020092,普通首通奖励92,20020092,100,0
20020093,普通首通奖励93,20020093,100,0
20020094,普通首通奖励94,20020094,100,0
20020095,普通首通奖励95,20020095,100,0
20020096,普通首通奖励96,20020096,100,0
20030001,困难首通奖励1,20030001,100,0
20030002,困难首通奖励2,20030002,100,0
20030003,困难首通奖励3,20030003,100,0
20030004,困难首通奖励4,20030004,100,0
20030005,困难首通奖励5,20030005,100,0
20030006,困难首通奖励6,20030006,100,0
20030007,困难首通奖励7,20030007,100,0
20030008,困难首通奖励8,20030008,100,0
20030009,困难首通奖励9,20030009,100,0
20030010,困难首通奖励10,20030010,100,0
20030011,困难首通奖励11,20030011,100,0
20030012,困难首通奖励12,20030012,100,0
20030013,困难首通奖励13,20030013,100,0
20030014,困难首通奖励14,20030014,100,0
20030015,困难首通奖励15,20030015,100,0
20030016,困难首通奖励16,20030016,100,0
20030017,困难首通奖励17,20030017,100,0
20030018,困难首通奖励18,20030018,100,0
20030019,困难首通奖励19,20030019,100,0
20030020,困难首通奖励20,20030020,100,0
20030021,困难首通奖励21,20030021,100,0
20030022,困难首通奖励22,20030022,100,0
20030023,困难首通奖励23,20030023,100,0
20030024,困难首通奖励24,20030024,100,0
20030025,困难首通奖励25,20030025,100,0
20030026,困难首通奖励26,20030026,100,0
20030027,困难首通奖励27,20030027,100,0
20030028,困难首通奖励28,20030028,100,0
20030029,困难首通奖励29,20030029,100,0
20030030,困难首通奖励30,20030030,100,0
20030031,困难首通奖励31,20030031,100,0
20030032,困难首通奖励32,20030032,100,0
20030033,困难首通奖励33,20030033,100,0
20030034,困难首通奖励34,20030034,100,0
20030035,困难首通奖励35,20030035,100,0
20030036,困难首通奖励36,20030036,100,0
20030037,困难首通奖励37,20030037,100,0
20030038,困难首通奖励38,20030038,100,0
20030039,困难首通奖励39,20030039,100,0
20030040,困难首通奖励40,20030040,100,0
20030041,困难首通奖励41,20030041,100,0
20030042,困难首通奖励42,20030042,100,0
20030043,困难首通奖励43,20030043,100,0
20030044,困难首通奖励44,20030044,100,0
20030045,困难首通奖励45,20030045,100,0
20030046,困难首通奖励46,20030046,100,0
20030047,困难首通奖励47,20030047,100,0
20030048,困难首通奖励48,20030048,100,0
20030049,困难首通奖励49,20030049,100,0
20030050,困难首通奖励50,20030050,100,0
20030051,困难首通奖励51,20030051,100,0
20030052,困难首通奖励52,20030052,100,0
20030053,困难首通奖励53,20030053,100,0
20030054,困难首通奖励54,20030054,100,0
20030055,困难首通奖励55,20030055,100,0
20030056,困难首通奖励56,20030056,100,0
20030057,困难首通奖励57,20030057,100,0
20030058,困难首通奖励58,20030058,100,0
20030059,困难首通奖励59,20030059,100,0
20030060,困难首通奖励60,20030060,100,0
20030061,困难首通奖励61,20030061,100,0
20030062,困难首通奖励62,20030062,100,0
20030063,困难首通奖励63,20030063,100,0
20030064,困难首通奖励64,20030064,100,0
20030065,困难首通奖励65,20030065,100,0
20030066,困难首通奖励66,20030066,100,0
20030067,困难首通奖励67,20030067,100,0
20030068,困难首通奖励68,20030068,100,0
20030069,困难首通奖励69,20030069,100,0
20030070,困难首通奖励70,20030070,100,0
20030071,困难首通奖励71,20030071,100,0
20030072,困难首通奖励72,20030072,100,0
20030073,困难首通奖励73,20030073,100,0
20030074,困难首通奖励74,20030074,100,0
20030075,困难首通奖励75,20030075,100,0
20030076,困难首通奖励76,20030076,100,0
20030077,困难首通奖励77,20030077,100,0
20030078,困难首通奖励78,20030078,100,0
20030079,困难首通奖励79,20030079,100,0
20030080,困难首通奖励80,20030080,100,0
20030081,困难首通奖励81,20030081,100,0
20030082,困难首通奖励82,20030082,100,0
20030083,困难首通奖励83,20030083,100,0
20030084,困难首通奖励84,20030084,100,0
20030085,困难首通奖励85,20030085,100,0
20030086,困难首通奖励86,20030086,100,0
20030087,困难首通奖励87,20030087,100,0
20030088,困难首通奖励88,20030088,100,0
20030089,困难首通奖励89,20030089,100,0
20030090,困难首通奖励90,20030090,100,0
20030091,困难首通奖励91,20030091,100,0
20030092,困难首通奖励92,20030092,100,0
20030093,困难首通奖励93,20030093,100,0
20030094,困难首通奖励94,20030094,100,0
20030095,困难首通奖励95,20030095,100,0
20030096,困难首通奖励96,20030096,100,0
20110001,副本简单固定1,20110001,10,0
20110002,副本简单固定2,20110002,10,0
20110003,副本简单固定3,20110003,10,0
20110004,副本简单固定4,20110004,10,0
20110005,副本简单固定5,20110005,10,0
20110006,副本简单固定6,20110006,10,0
20110007,副本简单固定7,20110007,10,0
20110008,副本简单固定8,20110008,10,0
20110009,副本简单固定9,20110009,10,0
20110010,副本简单固定10,20110010,10,0
20110011,副本简单固定11,20110011,10,0
20110012,副本简单固定12,20110012,10,0
20110013,副本简单固定13,20110013,10,0
20110014,副本简单固定14,20110014,10,0
20110015,副本简单固定15,20110015,10,0
20110016,副本简单固定16,20110016,10,0
20110017,副本简单固定17,20110017,10,0
20110018,副本简单固定18,20110018,10,0
20110019,副本简单固定19,20110019,10,0
20110020,副本简单固定20,20110020,10,0
20110021,副本简单固定21,20110021,10,0
20110022,副本简单固定22,20110022,10,0
20110023,副本简单固定23,20110023,10,0
20110024,副本简单固定24,20110024,10,0
20110025,副本简单固定25,20110025,10,0
20110026,副本简单固定26,20110026,10,0
20110027,副本简单固定27,20110027,10,0
20110028,副本简单固定28,20110028,10,0
20110029,副本简单固定29,20110029,10,0
20110030,副本简单固定30,20110030,10,0
20110031,副本简单固定31,20110031,10,0
20110032,副本简单固定32,20110032,10,0
20110033,副本简单固定33,20110033,10,0
20110034,副本简单固定34,20110034,10,0
20110035,副本简单固定35,20110035,10,0
20110036,副本简单固定36,20110036,10,0
20110037,副本简单固定37,20110037,10,0
20110038,副本简单固定38,20110038,10,0
20110039,副本简单固定39,20110039,10,0
20110040,副本简单固定40,20110040,10,0
20110041,副本简单固定41,20110041,10,0
20110042,副本简单固定42,20110042,10,0
20110043,副本简单固定43,20110043,10,0
20110044,副本简单固定44,20110044,10,0
20110045,副本简单固定45,20110045,10,0
20110046,副本简单固定46,20110046,10,0
20110047,副本简单固定47,20110047,10,0
20110048,副本简单固定48,20110048,10,0
20110049,副本简单固定49,20110049,10,0
20110050,副本简单固定50,20110050,10,0
20110051,副本简单固定51,20110051,10,0
20110052,副本简单固定52,20110052,10,0
20110053,副本简单固定53,20110053,10,0
20110054,副本简单固定54,20110054,10,0
20110055,副本简单固定55,20110055,10,0
20110056,副本简单固定56,20110056,10,0
20110057,副本简单固定57,20110057,10,0
20110058,副本简单固定58,20110058,10,0
20110059,副本简单固定59,20110059,10,0
20110060,副本简单固定60,20110060,10,0
20110061,副本简单固定61,20110061,10,0
20110062,副本简单固定62,20110062,10,0
20110063,副本简单固定63,20110063,10,0
20110064,副本简单固定64,20110064,10,0
20110065,副本简单固定65,20110065,10,0
20110066,副本简单固定66,20110066,10,0
20110067,副本简单固定67,20110067,10,0
20110068,副本简单固定68,20110068,10,0
20110069,副本简单固定69,20110069,10,0
20110070,副本简单固定70,20110070,10,0
20110071,副本简单固定71,20110071,10,0
20110072,副本简单固定72,20110072,10,0
20110073,副本简单固定73,20110073,10,0
20110074,副本简单固定74,20110074,10,0
20110075,副本简单固定75,20110075,10,0
20110076,副本简单固定76,20110076,10,0
20110077,副本简单固定77,20110077,10,0
20110078,副本简单固定78,20110078,10,0
20110079,副本简单固定79,20110079,10,0
20110080,副本简单固定80,20110080,10,0
20110081,副本简单固定81,20110081,10,0
20110082,副本简单固定82,20110082,10,0
20110083,副本简单固定83,20110083,10,0
20110084,副本简单固定84,20110084,10,0
20110085,副本简单固定85,20110085,10,0
20110086,副本简单固定86,20110086,10,0
20110087,副本简单固定87,20110087,10,0
20110088,副本简单固定88,20110088,10,0
20110089,副本简单固定89,20110089,10,0
20110090,副本简单固定90,20110090,10,0
20110091,副本简单固定91,20110091,10,0
20110092,副本简单固定92,20110092,10,0
20110093,副本简单固定93,20110093,10,0
20110094,副本简单固定94,20110094,10,0
20110095,副本简单固定95,20110095,10,0
20110096,副本简单固定96,20110096,10,0
20120001,副本普通固定1,20120001,10,0
20120002,副本普通固定2,20120002,10,0
20120003,副本普通固定3,20120003,10,0
20120004,副本普通固定4,20120004,10,0
20120005,副本普通固定5,20120005,10,0
20120006,副本普通固定6,20120006,10,0
20120007,副本普通固定7,20120007,10,0
20120008,副本普通固定8,20120008,10,0
20120009,副本普通固定9,20120009,10,0
20120010,副本普通固定10,20120010,10,0
20120011,副本普通固定11,20120011,10,0
20120012,副本普通固定12,20120012,10,0
20120013,副本普通固定13,20120013,10,0
20120014,副本普通固定14,20120014,10,0
20120015,副本普通固定15,20120015,10,0
20120016,副本普通固定16,20120016,10,0
20120017,副本普通固定17,20120017,10,0
20120018,副本普通固定18,20120018,10,0
20120019,副本普通固定19,20120019,10,0
20120020,副本普通固定20,20120020,10,0
20120021,副本普通固定21,20120021,10,0
20120022,副本普通固定22,20120022,10,0
20120023,副本普通固定23,20120023,10,0
20120024,副本普通固定24,20120024,10,0
20120025,副本普通固定25,20120025,10,0
20120026,副本普通固定26,20120026,10,0
20120027,副本普通固定27,20120027,10,0
20120028,副本普通固定28,20120028,10,0
20120029,副本普通固定29,20120029,10,0
20120030,副本普通固定30,20120030,10,0
20120031,副本普通固定31,20120031,10,0
20120032,副本普通固定32,20120032,10,0
20120033,副本普通固定33,20120033,10,0
20120034,副本普通固定34,20120034,10,0
20120035,副本普通固定35,20120035,10,0
20120036,副本普通固定36,20120036,10,0
20120037,副本普通固定37,20120037,10,0
20120038,副本普通固定38,20120038,10,0
20120039,副本普通固定39,20120039,10,0
20120040,副本普通固定40,20120040,10,0
20120041,副本普通固定41,20120041,10,0
20120042,副本普通固定42,20120042,10,0
20120043,副本普通固定43,20120043,10,0
20120044,副本普通固定44,20120044,10,0
20120045,副本普通固定45,20120045,10,0
20120046,副本普通固定46,20120046,10,0
20120047,副本普通固定47,20120047,10,0
20120048,副本普通固定48,20120048,10,0
20120049,副本普通固定49,20120049,10,0
20120050,副本普通固定50,20120050,10,0
20120051,副本普通固定51,20120051,10,0
20120052,副本普通固定52,20120052,10,0
20120053,副本普通固定53,20120053,10,0
20120054,副本普通固定54,20120054,10,0
20120055,副本普通固定55,20120055,10,0
20120056,副本普通固定56,20120056,10,0
20120057,副本普通固定57,20120057,10,0
20120058,副本普通固定58,20120058,10,0
20120059,副本普通固定59,20120059,10,0
20120060,副本普通固定60,20120060,10,0
20120061,副本普通固定61,20120061,10,0
20120062,副本普通固定62,20120062,10,0
20120063,副本普通固定63,20120063,10,0
20120064,副本普通固定64,20120064,10,0
20120065,副本普通固定65,20120065,10,0
20120066,副本普通固定66,20120066,10,0
20120067,副本普通固定67,20120067,10,0
20120068,副本普通固定68,20120068,10,0
20120069,副本普通固定69,20120069,10,0
20120070,副本普通固定70,20120070,10,0
20120071,副本普通固定71,20120071,10,0
20120072,副本普通固定72,20120072,10,0
20120073,副本普通固定73,20120073,10,0
20120074,副本普通固定74,20120074,10,0
20120075,副本普通固定75,20120075,10,0
20120076,副本普通固定76,20120076,10,0
20120077,副本普通固定77,20120077,10,0
20120078,副本普通固定78,20120078,10,0
20120079,副本普通固定79,20120079,10,0
20120080,副本普通固定80,20120080,10,0
20120081,副本普通固定81,20120081,10,0
20120082,副本普通固定82,20120082,10,0
20120083,副本普通固定83,20120083,10,0
20120084,副本普通固定84,20120084,10,0
20120085,副本普通固定85,20120085,10,0
20120086,副本普通固定86,20120086,10,0
20120087,副本普通固定87,20120087,10,0
20120088,副本普通固定88,20120088,10,0
20120089,副本普通固定89,20120089,10,0
20120090,副本普通固定90,20120090,10,0
20120091,副本普通固定91,20120091,10,0
20120092,副本普通固定92,20120092,10,0
20120093,副本普通固定93,20120093,10,0
20120094,副本普通固定94,20120094,10,0
20120095,副本普通固定95,20120095,10,0
20120096,副本普通固定96,20120096,10,0
20130001,副本困难固定1,20130001,10,0
20130002,副本困难固定2,20130002,10,0
20130003,副本困难固定3,20130003,10,0
20130004,副本困难固定4,20130004,10,0
20130005,副本困难固定5,20130005,10,0
20130006,副本困难固定6,20130006,10,0
20130007,副本困难固定7,20130007,10,0
20130008,副本困难固定8,20130008,10,0
20130009,副本困难固定9,20130009,10,0
20130010,副本困难固定10,20130010,10,0
20130011,副本困难固定11,20130011,10,0
20130012,副本困难固定12,20130012,10,0
20130013,副本困难固定13,20130013,10,0
20130014,副本困难固定14,20130014,10,0
20130015,副本困难固定15,20130015,10,0
20130016,副本困难固定16,20130016,10,0
20130017,副本困难固定17,20130017,10,0
20130018,副本困难固定18,20130018,10,0
20130019,副本困难固定19,20130019,10,0
20130020,副本困难固定20,20130020,10,0
20130021,副本困难固定21,20130021,10,0
20130022,副本困难固定22,20130022,10,0
20130023,副本困难固定23,20130023,10,0
20130024,副本困难固定24,20130024,10,0
20130025,副本困难固定25,20130025,10,0
20130026,副本困难固定26,20130026,10,0
20130027,副本困难固定27,20130027,10,0
20130028,副本困难固定28,20130028,10,0
20130029,副本困难固定29,20130029,10,0
20130030,副本困难固定30,20130030,10,0
20130031,副本困难固定31,20130031,10,0
20130032,副本困难固定32,20130032,10,0
20130033,副本困难固定33,20130033,10,0
20130034,副本困难固定34,20130034,10,0
20130035,副本困难固定35,20130035,10,0
20130036,副本困难固定36,20130036,10,0
20130037,副本困难固定37,20130037,10,0
20130038,副本困难固定38,20130038,10,0
20130039,副本困难固定39,20130039,10,0
20130040,副本困难固定40,20130040,10,0
20130041,副本困难固定41,20130041,10,0
20130042,副本困难固定42,20130042,10,0
20130043,副本困难固定43,20130043,10,0
20130044,副本困难固定44,20130044,10,0
20130045,副本困难固定45,20130045,10,0
20130046,副本困难固定46,20130046,10,0
20130047,副本困难固定47,20130047,10,0
20130048,副本困难固定48,20130048,10,0
20130049,副本困难固定49,20130049,10,0
20130050,副本困难固定50,20130050,10,0
20130051,副本困难固定51,20130051,10,0
20130052,副本困难固定52,20130052,10,0
20130053,副本困难固定53,20130053,10,0
20130054,副本困难固定54,20130054,10,0
20130055,副本困难固定55,20130055,10,0
20130056,副本困难固定56,20130056,10,0
20130057,副本困难固定57,20130057,10,0
20130058,副本困难固定58,20130058,10,0
20130059,副本困难固定59,20130059,10,0
20130060,副本困难固定60,20130060,10,0
20130061,副本困难固定61,20130061,10,0
20130062,副本困难固定62,20130062,10,0
20130063,副本困难固定63,20130063,10,0
20130064,副本困难固定64,20130064,10,0
20130065,副本困难固定65,20130065,10,0
20130066,副本困难固定66,20130066,10,0
20130067,副本困难固定67,20130067,10,0
20130068,副本困难固定68,20130068,10,0
20130069,副本困难固定69,20130069,10,0
20130070,副本困难固定70,20130070,10,0
20130071,副本困难固定71,20130071,10,0
20130072,副本困难固定72,20130072,10,0
20130073,副本困难固定73,20130073,10,0
20130074,副本困难固定74,20130074,10,0
20130075,副本困难固定75,20130075,10,0
20130076,副本困难固定76,20130076,10,0
20130077,副本困难固定77,20130077,10,0
20130078,副本困难固定78,20130078,10,0
20130079,副本困难固定79,20130079,10,0
20130080,副本困难固定80,20130080,10,0
20130081,副本困难固定81,20130081,10,0
20130082,副本困难固定82,20130082,10,0
20130083,副本困难固定83,20130083,10,0
20130084,副本困难固定84,20130084,10,0
20130085,副本困难固定85,20130085,10,0
20130086,副本困难固定86,20130086,10,0
20130087,副本困难固定87,20130087,10,0
20130088,副本困难固定88,20130088,10,0
20130089,副本困难固定89,20130089,10,0
20130090,副本困难固定90,20130090,10,0
20130091,副本困难固定91,20130091,10,0
20130092,副本困难固定92,20130092,10,0
20130093,副本困难固定93,20130093,10,0
20130094,副本困难固定94,20130094,10,0
20130095,副本困难固定95,20130095,10,0
20130096,副本困难固定96,20130096,10,0
20210001,副本特殊掉落,20210001,10000,-1
20210002,副本特殊掉落,20210002,10000,-1
20210003,副本特殊掉落,20210003,10000,-1
20210004,副本特殊掉落,20210004,10000,-1
20210005,副本特殊掉落,20210005,10000,-1
20210006,副本特殊掉落,20210006,10000,-1
20210007,副本特殊掉落,20210007,10000,-1
20210008,副本特殊掉落,20210008,10000,-1
20210009,副本特殊掉落,20210009,10000,-1
20210010,副本特殊掉落,20210010,10000,-1
20210011,副本特殊掉落,20210011,10000,-1
20210012,副本特殊掉落,20210012,10000,-1
20210013,副本特殊掉落,20210013,10000,-1
20210014,副本特殊掉落,20210014,10000,-1
20210015,副本特殊掉落,20210015,10000,-1
20210016,副本特殊掉落,20210016,10000,-1
20210017,副本特殊掉落,20210017,10000,-1
20210018,副本特殊掉落,20210018,10000,-1
20210019,副本特殊掉落,20210019,10000,-1
20210020,副本特殊掉落,20210020,10000,-1
20210021,副本特殊掉落,20210021,10000,-1
20210022,副本特殊掉落,20210022,10000,-1
20210023,副本特殊掉落,20210023,10000,-1
20210024,副本特殊掉落,20210024,10000,-1
20210025,副本特殊掉落,20210025,10000,-1
20210026,副本特殊掉落,20210026,10000,-1
20210027,副本特殊掉落,20210027,10000,-1
20210028,副本特殊掉落,20210028,10000,-1
20210029,副本特殊掉落,20210029,10000,-1
20210030,副本特殊掉落,20210030,10000,-1
20210031,副本特殊掉落,20210031,10000,-1
20210032,副本特殊掉落,20210032,10000,-1
20210033,副本特殊掉落,20210033,10000,-1
20210034,副本特殊掉落,20210034,10000,-1
20210035,副本特殊掉落,20210035,10000,-1
20210036,副本特殊掉落,20210036,10000,-1
20210037,副本特殊掉落,20210037,10000,-1
20210038,副本特殊掉落,20210038,10000,-1
20210039,副本特殊掉落,20210039,10000,-1
20210040,副本特殊掉落,20210040,10000,-1
20210041,副本特殊掉落,20210041,10000,-1
20210042,副本特殊掉落,20210042,10000,-1
20210043,副本特殊掉落,20210043,10000,-1
20210044,副本特殊掉落,20210044,10000,-1
20210045,副本特殊掉落,20210045,10000,-1
20210046,副本特殊掉落,20210046,10000,-1
20210047,副本特殊掉落,20210047,10000,-1
20210048,副本特殊掉落,20210048,10000,-1
20210049,副本特殊掉落,20210049,10000,-1
20210050,副本特殊掉落,20210050,10000,-1
20210051,副本特殊掉落,20210051,10000,-1
20210052,副本特殊掉落,20210052,10000,-1
20210053,副本特殊掉落,20210053,10000,-1
20210054,副本特殊掉落,20210054,10000,-1
20210055,副本特殊掉落,20210055,10000,-1
20210056,副本特殊掉落,20210056,10000,-1
20210057,副本特殊掉落,20210057,10000,-1
20210058,副本特殊掉落,20210058,10000,-1
20210059,副本特殊掉落,20210059,10000,-1
20210060,副本特殊掉落,20210060,10000,-1
20210061,副本特殊掉落,20210061,10000,-1
20210062,副本特殊掉落,20210062,10000,-1
20210063,副本特殊掉落,20210063,10000,-1
20210064,副本特殊掉落,20210064,10000,-1
20210065,副本特殊掉落,20210065,10000,-1
20210066,副本特殊掉落,20210066,10000,-1
20210067,副本特殊掉落,20210067,10000,-1
20210068,副本特殊掉落,20210068,10000,-1
20210069,副本特殊掉落,20210069,10000,-1
20210070,副本特殊掉落,20210070,10000,-1
20210071,副本特殊掉落,20210071,10000,-1
20210072,副本特殊掉落,20210072,10000,-1
20210073,副本特殊掉落,20210073,10000,-1
20210074,副本特殊掉落,20210074,10000,-1
20210075,副本特殊掉落,20210075,10000,-1
20210076,副本特殊掉落,20210076,10000,-1
20210077,副本特殊掉落,20210077,10000,-1
20210078,副本特殊掉落,20210078,10000,-1
20210079,副本特殊掉落,20210079,10000,-1
20210080,副本特殊掉落,20210080,10000,-1
20210081,副本特殊掉落,20210081,10000,-1
20210082,副本特殊掉落,20210082,10000,-1
20210083,副本特殊掉落,20210083,10000,-1
20210084,副本特殊掉落,20210084,10000,-1
20210085,副本特殊掉落,20210085,10000,-1
20210086,副本特殊掉落,20210086,10000,-1
20210087,副本特殊掉落,20210087,10000,-1
20210088,副本特殊掉落,20210088,10000,-1
20210089,副本特殊掉落,20210089,10000,-1
20210090,副本特殊掉落,20210090,10000,-1
20210091,副本特殊掉落,20210091,10000,-1
20210092,副本特殊掉落,20210092,10000,-1
20210093,副本特殊掉落,20210093,10000,-1
20210094,副本特殊掉落,20210094,10000,-1
20210095,副本特殊掉落,20210095,10000,-1
20210096,副本特殊掉落,20210096,10000,-1
20220001,副本特殊掉落,20220001,10000,1
20220002,副本特殊掉落,20220002,10000,1
20220003,副本特殊掉落,20220003,10000,1
20220004,副本特殊掉落,20220004,10000,1
20220005,副本特殊掉落,20220005,10000,1
20220006,副本特殊掉落,20220006,10000,1
20220007,副本特殊掉落,20220007,10000,1
20220008,副本特殊掉落,20220008,10000,1
20220009,副本特殊掉落,20220009,10000,1
20220010,副本特殊掉落,20220010,10000,1
20220011,副本特殊掉落,20220011,10000,1
20220012,副本特殊掉落,20220012,10000,1
20220013,副本特殊掉落,20220013,10000,1
20220014,副本特殊掉落,20220014,10000,1
20220015,副本特殊掉落,20220015,10000,1
20220016,副本特殊掉落,20220016,10000,1
20220017,副本特殊掉落,20220017,10000,1
20220018,副本特殊掉落,20220018,10000,1
20220019,副本特殊掉落,20220019,10000,1
20220020,副本特殊掉落,20220020,10000,1
20220021,副本特殊掉落,20220021,10000,1
20220022,副本特殊掉落,20220022,10000,1
20220023,副本特殊掉落,20220023,10000,1
20220024,副本特殊掉落,20220024,10000,1
20220025,副本特殊掉落,20220025,10000,1
20220026,副本特殊掉落,20220026,10000,1
20220027,副本特殊掉落,20220027,10000,1
20220028,副本特殊掉落,20220028,10000,1
20220029,副本特殊掉落,20220029,10000,1
20220030,副本特殊掉落,20220030,10000,1
20220031,副本特殊掉落,20220031,10000,1
20220032,副本特殊掉落,20220032,10000,1
20220033,副本特殊掉落,20220033,10000,1
20220034,副本特殊掉落,20220034,10000,1
20220035,副本特殊掉落,20220035,10000,1
20220036,副本特殊掉落,20220036,10000,1
20220037,副本特殊掉落,20220037,10000,1
20220038,副本特殊掉落,20220038,10000,1
20220039,副本特殊掉落,20220039,10000,1
20220040,副本特殊掉落,20220040,10000,1
20220041,副本特殊掉落,20220041,10000,1
20220042,副本特殊掉落,20220042,10000,1
20220043,副本特殊掉落,20220043,10000,1
20220044,副本特殊掉落,20220044,10000,1
20220045,副本特殊掉落,20220045,10000,1
20220046,副本特殊掉落,20220046,10000,1
20220047,副本特殊掉落,20220047,10000,1
20220048,副本特殊掉落,20220048,10000,1
20220049,副本特殊掉落,20220049,10000,1
20220050,副本特殊掉落,20220050,10000,1
20220051,副本特殊掉落,20220051,10000,1
20220052,副本特殊掉落,20220052,10000,1
20220053,副本特殊掉落,20220053,10000,1
20220054,副本特殊掉落,20220054,10000,1
20220055,副本特殊掉落,20220055,10000,1
20220056,副本特殊掉落,20220056,10000,1
20220057,副本特殊掉落,20220057,10000,1
20220058,副本特殊掉落,20220058,10000,1
20220059,副本特殊掉落,20220059,10000,1
20220060,副本特殊掉落,20220060,10000,1
20220061,副本特殊掉落,20220061,10000,1
20220062,副本特殊掉落,20220062,10000,1
20220063,副本特殊掉落,20220063,10000,1
20220064,副本特殊掉落,20220064,10000,1
20220065,副本特殊掉落,20220065,10000,1
20220066,副本特殊掉落,20220066,10000,1
20220067,副本特殊掉落,20220067,10000,1
20220068,副本特殊掉落,20220068,10000,1
20220069,副本特殊掉落,20220069,10000,1
20220070,副本特殊掉落,20220070,10000,1
20220071,副本特殊掉落,20220071,10000,1
20220072,副本特殊掉落,20220072,10000,1
20220073,副本特殊掉落,20220073,10000,1
20220074,副本特殊掉落,20220074,10000,1
20220075,副本特殊掉落,20220075,10000,1
20220076,副本特殊掉落,20220076,10000,1
20220077,副本特殊掉落,20220077,10000,1
20220078,副本特殊掉落,20220078,10000,1
20220079,副本特殊掉落,20220079,10000,1
20220080,副本特殊掉落,20220080,10000,1
20220081,副本特殊掉落,20220081,10000,1
20220082,副本特殊掉落,20220082,10000,1
20220083,副本特殊掉落,20220083,10000,1
20220084,副本特殊掉落,20220084,10000,1
20220085,副本特殊掉落,20220085,10000,1
20220086,副本特殊掉落,20220086,10000,1
20220087,副本特殊掉落,20220087,10000,1
20220088,副本特殊掉落,20220088,10000,1
20220089,副本特殊掉落,20220089,10000,1
20220090,副本特殊掉落,20220090,10000,1
20220091,副本特殊掉落,20220091,10000,1
20220092,副本特殊掉落,20220092,10000,1
20220093,副本特殊掉落,20220093,10000,1
20220094,副本特殊掉落,20220094,10000,1
20220095,副本特殊掉落,20220095,10000,1
20220096,副本特殊掉落,20220096,10000,1
20230001,副本特殊掉落,20230001,10000,-1
20230002,副本特殊掉落,20230002,10000,-1
20230003,副本特殊掉落,20230003,10000,-1
20230004,副本特殊掉落,20230004,10000,-1
20230005,副本特殊掉落,20230005,10000,-1
20230006,副本特殊掉落,20230006,10000,-1
20230007,副本特殊掉落,20230007,10000,-1
20230008,副本特殊掉落,20230008,10000,-1
20230009,副本特殊掉落,20230009,10000,-1
20230010,副本特殊掉落,20230010,10000,-1
20230011,副本特殊掉落,20230011,10000,-1
20230012,副本特殊掉落,20230012,10000,-1
20230013,副本特殊掉落,20230013,10000,-1
20230014,副本特殊掉落,20230014,10000,-1
20230015,副本特殊掉落,20230015,10000,-1
20230016,副本特殊掉落,20230016,10000,-1
20230017,副本特殊掉落,20230017,10000,-1
20230018,副本特殊掉落,20230018,10000,-1
20230019,副本特殊掉落,20230019,10000,-1
20230020,副本特殊掉落,20230020,10000,-1
20230021,副本特殊掉落,20230021,10000,-1
20230022,副本特殊掉落,20230022,10000,-1
20230023,副本特殊掉落,20230023,10000,-1
20230024,副本特殊掉落,20230024,10000,-1
20230025,副本特殊掉落,20230025,10000,-1
20230026,副本特殊掉落,20230026,10000,-1
20230027,副本特殊掉落,20230027,10000,-1
20230028,副本特殊掉落,20230028,10000,-1
20230029,副本特殊掉落,20230029,10000,-1
20230030,副本特殊掉落,20230030,10000,-1
20230031,副本特殊掉落,20230031,10000,-1
20230032,副本特殊掉落,20230032,10000,-1
20230033,副本特殊掉落,20230033,10000,-1
20230034,副本特殊掉落,20230034,10000,-1
20230035,副本特殊掉落,20230035,10000,-1
20230036,副本特殊掉落,20230036,10000,-1
20230037,副本特殊掉落,20230037,10000,-1
20230038,副本特殊掉落,20230038,10000,-1
20230039,副本特殊掉落,20230039,10000,-1
20230040,副本特殊掉落,20230040,10000,-1
20230041,副本特殊掉落,20230041,10000,-1
20230042,副本特殊掉落,20230042,10000,-1
20230043,副本特殊掉落,20230043,10000,-1
20230044,副本特殊掉落,20230044,10000,-1
20230045,副本特殊掉落,20230045,10000,-1
20230046,副本特殊掉落,20230046,10000,-1
20230047,副本特殊掉落,20230047,10000,-1
20230048,副本特殊掉落,20230048,10000,-1
20230049,副本特殊掉落,20230049,10000,-1
20230050,副本特殊掉落,20230050,10000,-1
20230051,副本特殊掉落,20230051,10000,-1
20230052,副本特殊掉落,20230052,10000,-1
20230053,副本特殊掉落,20230053,10000,-1
20230054,副本特殊掉落,20230054,10000,-1
20230055,副本特殊掉落,20230055,10000,-1
20230056,副本特殊掉落,20230056,10000,-1
20230057,副本特殊掉落,20230057,10000,-1
20230058,副本特殊掉落,20230058,10000,-1
20230059,副本特殊掉落,20230059,10000,-1
20230060,副本特殊掉落,20230060,10000,-1
20230061,副本特殊掉落,20230061,10000,-1
20230062,副本特殊掉落,20230062,10000,-1
20230063,副本特殊掉落,20230063,10000,-1
20230064,副本特殊掉落,20230064,10000,-1
20230065,副本特殊掉落,20230065,10000,-1
20230066,副本特殊掉落,20230066,10000,-1
20230067,副本特殊掉落,20230067,10000,-1
20230068,副本特殊掉落,20230068,10000,-1
20230069,副本特殊掉落,20230069,10000,-1
20230070,副本特殊掉落,20230070,10000,-1
20230071,副本特殊掉落,20230071,10000,-1
20230072,副本特殊掉落,20230072,10000,-1
20230073,副本特殊掉落,20230073,10000,-1
20230074,副本特殊掉落,20230074,10000,-1
20230075,副本特殊掉落,20230075,10000,-1
20230076,副本特殊掉落,20230076,10000,-1
20230077,副本特殊掉落,20230077,10000,-1
20230078,副本特殊掉落,20230078,10000,-1
20230079,副本特殊掉落,20230079,10000,-1
20230080,副本特殊掉落,20230080,10000,-1
20230081,副本特殊掉落,20230081,10000,-1
20230082,副本特殊掉落,20230082,10000,-1
20230083,副本特殊掉落,20230083,10000,-1
20230084,副本特殊掉落,20230084,10000,-1
20230085,副本特殊掉落,20230085,10000,-1
20230086,副本特殊掉落,20230086,10000,-1
20230087,副本特殊掉落,20230087,10000,-1
20230088,副本特殊掉落,20230088,10000,-1
20230089,副本特殊掉落,20230089,10000,-1
20230090,副本特殊掉落,20230090,10000,-1
20230091,副本特殊掉落,20230091,10000,-1
20230092,副本特殊掉落,20230092,10000,-1
20230093,副本特殊掉落,20230093,10000,-1
20230094,副本特殊掉落,20230094,10000,-1
20230095,副本特殊掉落,20230095,10000,-1
20230096,副本特殊掉落,20230096,10000,-1
20310001,副本羊掉落,20310001,10000,1
20310002,副本羊掉落,20310002,10000,1
20310003,副本羊掉落,20310003,10000,1
20310004,副本羊掉落,20310004,10000,1
20310005,副本羊掉落,20310005,10000,1
20310006,副本羊掉落,20310006,10000,1
20310007,副本羊掉落,20310007,10000,1
20310008,副本羊掉落,20310008,10000,1
20310009,副本羊掉落,20310009,10000,1
20310010,副本羊掉落,20310010,10000,1
20310011,副本羊掉落,20310011,10000,1
20310012,副本羊掉落,20310012,10000,1
20310013,副本羊掉落,20310013,10000,1
20310014,副本羊掉落,20310014,10000,1
20310015,副本羊掉落,20310015,10000,1
20310016,副本羊掉落,20310016,10000,1
20310017,副本羊掉落,20310017,10000,1
20310018,副本羊掉落,20310018,10000,1
20310019,副本羊掉落,20310019,10000,1
20310020,副本羊掉落,20310020,10000,1
20310021,副本羊掉落,20310021,10000,1
20310022,副本羊掉落,20310022,10000,1
20310023,副本羊掉落,20310023,10000,1
20310024,副本羊掉落,20310024,10000,1
20310025,副本羊掉落,20310025,10000,1
20310026,副本羊掉落,20310026,10000,1
20310027,副本羊掉落,20310027,10000,1
20310028,副本羊掉落,20310028,10000,1
20310029,副本羊掉落,20310029,10000,1
20310030,副本羊掉落,20310030,10000,1
20310031,副本羊掉落,20310031,10000,1
20310032,副本羊掉落,20310032,10000,1
20310033,副本羊掉落,20310033,10000,1
20310034,副本羊掉落,20310034,10000,1
20310035,副本羊掉落,20310035,10000,1
20310036,副本羊掉落,20310036,10000,1
20310037,副本羊掉落,20310037,10000,1
20310038,副本羊掉落,20310038,10000,1
20310039,副本羊掉落,20310039,10000,1
20310040,副本羊掉落,20310040,10000,1
20310041,副本羊掉落,20310041,10000,1
20310042,副本羊掉落,20310042,10000,1
20310043,副本羊掉落,20310043,10000,1
20310044,副本羊掉落,20310044,10000,1
20310045,副本羊掉落,20310045,10000,1
20310046,副本羊掉落,20310046,10000,1
20310047,副本羊掉落,20310047,10000,1
20310048,副本羊掉落,20310048,10000,1
20310049,副本羊掉落,20310049,10000,1
20310050,副本羊掉落,20310050,10000,1
20310051,副本羊掉落,20310051,10000,1
20310052,副本羊掉落,20310052,10000,1
20310053,副本羊掉落,20310053,10000,1
20310054,副本羊掉落,20310054,10000,1
20310055,副本羊掉落,20310055,10000,1
20310056,副本羊掉落,20310056,10000,1
20310057,副本羊掉落,20310057,10000,1
20310058,副本羊掉落,20310058,10000,1
20310059,副本羊掉落,20310059,10000,1
20310060,副本羊掉落,20310060,10000,1
20310061,副本羊掉落,20310061,10000,1
20310062,副本羊掉落,20310062,10000,1
20310063,副本羊掉落,20310063,10000,1
20310064,副本羊掉落,20310064,10000,1
20310065,副本羊掉落,20310065,10000,1
20310066,副本羊掉落,20310066,10000,1
20310067,副本羊掉落,20310067,10000,1
20310068,副本羊掉落,20310068,10000,1
20310069,副本羊掉落,20310069,10000,1
20310070,副本羊掉落,20310070,10000,1
20310071,副本羊掉落,20310071,10000,1
20310072,副本羊掉落,20310072,10000,1
20310073,副本羊掉落,20310073,10000,1
20310074,副本羊掉落,20310074,10000,1
20310075,副本羊掉落,20310075,10000,1
20310076,副本羊掉落,20310076,10000,1
20310077,副本羊掉落,20310077,10000,1
20310078,副本羊掉落,20310078,10000,1
20310079,副本羊掉落,20310079,10000,1
20310080,副本羊掉落,20310080,10000,1
20310081,副本羊掉落,20310081,10000,1
20310082,副本羊掉落,20310082,10000,1
20310083,副本羊掉落,20310083,10000,1
20310084,副本羊掉落,20310084,10000,1
20310085,副本羊掉落,20310085,10000,1
20310086,副本羊掉落,20310086,10000,1
20310087,副本羊掉落,20310087,10000,1
20310088,副本羊掉落,20310088,10000,1
20310089,副本羊掉落,20310089,10000,1
20310090,副本羊掉落,20310090,10000,1
20310091,副本羊掉落,20310091,10000,1
20310092,副本羊掉落,20310092,10000,1
20310093,副本羊掉落,20310093,10000,1
20310094,副本羊掉落,20310094,10000,1
20310095,副本羊掉落,20310095,10000,1
20310096,副本羊掉落,20310096,10000,1
20320001,副本羊掉落,20320001,10000,1
20320002,副本羊掉落,20320002,10000,1
20320003,副本羊掉落,20320003,10000,1
20320004,副本羊掉落,20320004,10000,1
20320005,副本羊掉落,20320005,10000,1
20320006,副本羊掉落,20320006,10000,1
20320007,副本羊掉落,20320007,10000,1
20320008,副本羊掉落,20320008,10000,1
20320009,副本羊掉落,20320009,10000,1
20320010,副本羊掉落,20320010,10000,1
20320011,副本羊掉落,20320011,10000,1
20320012,副本羊掉落,20320012,10000,1
20320013,副本羊掉落,20320013,10000,1
20320014,副本羊掉落,20320014,10000,1
20320015,副本羊掉落,20320015,10000,1
20320016,副本羊掉落,20320016,10000,1
20320017,副本羊掉落,20320017,10000,1
20320018,副本羊掉落,20320018,10000,1
20320019,副本羊掉落,20320019,10000,1
20320020,副本羊掉落,20320020,10000,1
20320021,副本羊掉落,20320021,10000,1
20320022,副本羊掉落,20320022,10000,1
20320023,副本羊掉落,20320023,10000,1
20320024,副本羊掉落,20320024,10000,1
20320025,副本羊掉落,20320025,10000,1
20320026,副本羊掉落,20320026,10000,1
20320027,副本羊掉落,20320027,10000,1
20320028,副本羊掉落,20320028,10000,1
20320029,副本羊掉落,20320029,10000,1
20320030,副本羊掉落,20320030,10000,1
20320031,副本羊掉落,20320031,10000,1
20320032,副本羊掉落,20320032,10000,1
20320033,副本羊掉落,20320033,10000,1
20320034,副本羊掉落,20320034,10000,1
20320035,副本羊掉落,20320035,10000,1
20320036,副本羊掉落,20320036,10000,1
20320037,副本羊掉落,20320037,10000,1
20320038,副本羊掉落,20320038,10000,1
20320039,副本羊掉落,20320039,10000,1
20320040,副本羊掉落,20320040,10000,1
20320041,副本羊掉落,20320041,10000,1
20320042,副本羊掉落,20320042,10000,1
20320043,副本羊掉落,20320043,10000,1
20320044,副本羊掉落,20320044,10000,1
20320045,副本羊掉落,20320045,10000,1
20320046,副本羊掉落,20320046,10000,1
20320047,副本羊掉落,20320047,10000,1
20320048,副本羊掉落,20320048,10000,1
20320049,副本羊掉落,20320049,10000,1
20320050,副本羊掉落,20320050,10000,1
20320051,副本羊掉落,20320051,10000,1
20320052,副本羊掉落,20320052,10000,1
20320053,副本羊掉落,20320053,10000,1
20320054,副本羊掉落,20320054,10000,1
20320055,副本羊掉落,20320055,10000,1
20320056,副本羊掉落,20320056,10000,1
20320057,副本羊掉落,20320057,10000,1
20320058,副本羊掉落,20320058,10000,1
20320059,副本羊掉落,20320059,10000,1
20320060,副本羊掉落,20320060,10000,1
20320061,副本羊掉落,20320061,10000,1
20320062,副本羊掉落,20320062,10000,1
20320063,副本羊掉落,20320063,10000,1
20320064,副本羊掉落,20320064,10000,1
20320065,副本羊掉落,20320065,10000,1
20320066,副本羊掉落,20320066,10000,1
20320067,副本羊掉落,20320067,10000,1
20320068,副本羊掉落,20320068,10000,1
20320069,副本羊掉落,20320069,10000,1
20320070,副本羊掉落,20320070,10000,1
20320071,副本羊掉落,20320071,10000,1
20320072,副本羊掉落,20320072,10000,1
20320073,副本羊掉落,20320073,10000,1
20320074,副本羊掉落,20320074,10000,1
20320075,副本羊掉落,20320075,10000,1
20320076,副本羊掉落,20320076,10000,1
20320077,副本羊掉落,20320077,10000,1
20320078,副本羊掉落,20320078,10000,1
20320079,副本羊掉落,20320079,10000,1
20320080,副本羊掉落,20320080,10000,1
20320081,副本羊掉落,20320081,10000,1
20320082,副本羊掉落,20320082,10000,1
20320083,副本羊掉落,20320083,10000,1
20320084,副本羊掉落,20320084,10000,1
20320085,副本羊掉落,20320085,10000,1
20320086,副本羊掉落,20320086,10000,1
20320087,副本羊掉落,20320087,10000,1
20320088,副本羊掉落,20320088,10000,1
20320089,副本羊掉落,20320089,10000,1
20320090,副本羊掉落,20320090,10000,1
20320091,副本羊掉落,20320091,10000,1
20320092,副本羊掉落,20320092,10000,1
20320093,副本羊掉落,20320093,10000,1
20320094,副本羊掉落,20320094,10000,1
20320095,副本羊掉落,20320095,10000,1
20320096,副本羊掉落,20320096,10000,1
20330001,副本羊掉落,20330001,10000,1
20330002,副本羊掉落,20330002,10000,1
20330003,副本羊掉落,20330003,10000,1
20330004,副本羊掉落,20330004,10000,1
20330005,副本羊掉落,20330005,10000,1
20330006,副本羊掉落,20330006,10000,1
20330007,副本羊掉落,20330007,10000,1
20330008,副本羊掉落,20330008,10000,1
20330009,副本羊掉落,20330009,10000,1
20330010,副本羊掉落,20330010,10000,1
20330011,副本羊掉落,20330011,10000,1
20330012,副本羊掉落,20330012,10000,1
20330013,副本羊掉落,20330013,10000,1
20330014,副本羊掉落,20330014,10000,1
20330015,副本羊掉落,20330015,10000,1
20330016,副本羊掉落,20330016,10000,1
20330017,副本羊掉落,20330017,10000,1
20330018,副本羊掉落,20330018,10000,1
20330019,副本羊掉落,20330019,10000,1
20330020,副本羊掉落,20330020,10000,1
20330021,副本羊掉落,20330021,10000,1
20330022,副本羊掉落,20330022,10000,1
20330023,副本羊掉落,20330023,10000,1
20330024,副本羊掉落,20330024,10000,1
20330025,副本羊掉落,20330025,10000,1
20330026,副本羊掉落,20330026,10000,1
20330027,副本羊掉落,20330027,10000,1
20330028,副本羊掉落,20330028,10000,1
20330029,副本羊掉落,20330029,10000,1
20330030,副本羊掉落,20330030,10000,1
20330031,副本羊掉落,20330031,10000,1
20330032,副本羊掉落,20330032,10000,1
20330033,副本羊掉落,20330033,10000,1
20330034,副本羊掉落,20330034,10000,1
20330035,副本羊掉落,20330035,10000,1
20330036,副本羊掉落,20330036,10000,1
20330037,副本羊掉落,20330037,10000,1
20330038,副本羊掉落,20330038,10000,1
20330039,副本羊掉落,20330039,10000,1
20330040,副本羊掉落,20330040,10000,1
20330041,副本羊掉落,20330041,10000,1
20330042,副本羊掉落,20330042,10000,1
20330043,副本羊掉落,20330043,10000,1
20330044,副本羊掉落,20330044,10000,1
20330045,副本羊掉落,20330045,10000,1
20330046,副本羊掉落,20330046,10000,1
20330047,副本羊掉落,20330047,10000,1
20330048,副本羊掉落,20330048,10000,1
20330049,副本羊掉落,20330049,10000,1
20330050,副本羊掉落,20330050,10000,1
20330051,副本羊掉落,20330051,10000,1
20330052,副本羊掉落,20330052,10000,1
20330053,副本羊掉落,20330053,10000,1
20330054,副本羊掉落,20330054,10000,1
20330055,副本羊掉落,20330055,10000,1
20330056,副本羊掉落,20330056,10000,1
20330057,副本羊掉落,20330057,10000,1
20330058,副本羊掉落,20330058,10000,1
20330059,副本羊掉落,20330059,10000,1
20330060,副本羊掉落,20330060,10000,1
20330061,副本羊掉落,20330061,10000,1
20330062,副本羊掉落,20330062,10000,1
20330063,副本羊掉落,20330063,10000,1
20330064,副本羊掉落,20330064,10000,1
20330065,副本羊掉落,20330065,10000,1
20330066,副本羊掉落,20330066,10000,1
20330067,副本羊掉落,20330067,10000,1
20330068,副本羊掉落,20330068,10000,1
20330069,副本羊掉落,20330069,10000,1
20330070,副本羊掉落,20330070,10000,1
20330071,副本羊掉落,20330071,10000,1
20330072,副本羊掉落,20330072,10000,1
20330073,副本羊掉落,20330073,10000,1
20330074,副本羊掉落,20330074,10000,1
20330075,副本羊掉落,20330075,10000,1
20330076,副本羊掉落,20330076,10000,1
20330077,副本羊掉落,20330077,10000,1
20330078,副本羊掉落,20330078,10000,1
20330079,副本羊掉落,20330079,10000,1
20330080,副本羊掉落,20330080,10000,1
20330081,副本羊掉落,20330081,10000,1
20330082,副本羊掉落,20330082,10000,1
20330083,副本羊掉落,20330083,10000,1
20330084,副本羊掉落,20330084,10000,1
20330085,副本羊掉落,20330085,10000,1
20330086,副本羊掉落,20330086,10000,1
20330087,副本羊掉落,20330087,10000,1
20330088,副本羊掉落,20330088,10000,1
20330089,副本羊掉落,20330089,10000,1
20330090,副本羊掉落,20330090,10000,1
20330091,副本羊掉落,20330091,10000,1
20330092,副本羊掉落,20330092,10000,1
20330093,副本羊掉落,20330093,10000,1
20330094,副本羊掉落,20330094,10000,1
20330095,副本羊掉落,20330095,10000,1
20330096,副本羊掉落,20330096,10000,1
30701001,每日副本金币掉落,30701001,10000,1
30701002,每日副本金币掉落,30701002,10000,1
30701003,每日副本金币掉落,30701003,10000,1
30701004,每日副本金币掉落,30701004,10000,1
30701005,每日副本金币掉落,30701005,10000,1
30701006,每日副本金币掉落,30701006,10000,1
30701007,每日副本金币掉落,30701007,10000,1
30701008,每日副本金币掉落,30701008,10000,1
30701009,每日副本金币掉落,30701009,10000,1
30701010,每日副本金币掉落,30701010,10000,1
30702001,每日副本金币掉落,30702001,10000,1
30702002,每日副本金币掉落,30702002,10000,1
30702003,每日副本金币掉落,30702003,10000,1
30702004,每日副本金币掉落,30702004,10000,1
30702005,每日副本金币掉落,30702005,10000,1
30702006,每日副本金币掉落,30702006,10000,1
30702007,每日副本金币掉落,30702007,10000,1
30702008,每日副本金币掉落,30702008,10000,1
30702009,每日副本金币掉落,30702009,10000,1
30702010,每日副本金币掉落,30702010,10000,1
30703001,每日副本金币掉落,30703001,10000,1
30703002,每日副本金币掉落,30703002,10000,1
30703003,每日副本金币掉落,30703003,10000,1
30703004,每日副本金币掉落,30703004,10000,1
30703005,每日副本金币掉落,30703005,10000,1
30703006,每日副本金币掉落,30703006,10000,1
30703007,每日副本金币掉落,30703007,10000,1
30703008,每日副本金币掉落,30703008,10000,1
30703009,每日副本金币掉落,30703009,10000,1
30703010,每日副本金币掉落,30703010,10000,1
30704001,每日副本金币掉落,30704001,10000,1
30704002,每日副本金币掉落,30704002,10000,1
30704003,每日副本金币掉落,30704003,10000,1
30704004,每日副本金币掉落,30704004,10000,1
30704005,每日副本金币掉落,30704005,10000,1
30704006,每日副本金币掉落,30704006,10000,1
30704007,每日副本金币掉落,30704007,10000,1
30704008,每日副本金币掉落,30704008,10000,1
30704009,每日副本金币掉落,30704009,10000,1
30704010,每日副本金币掉落,30704010,10000,1
30705001,每日副本金币掉落,30705001,10000,1
30705002,每日副本金币掉落,30705002,10000,1
30705003,每日副本金币掉落,30705003,10000,1
30705004,每日副本金币掉落,30705004,10000,1
30705005,每日副本金币掉落,30705005,10000,1
30705006,每日副本金币掉落,30705006,10000,1
30705007,每日副本金币掉落,30705007,10000,1
30705008,每日副本金币掉落,30705008,10000,1
30705009,每日副本金币掉落,30705009,10000,1
30705010,每日副本金币掉落,30705010,10000,1
30706001,每日副本金币掉落,30706001,10000,1
30706002,每日副本金币掉落,30706002,10000,1
30706003,每日副本金币掉落,30706003,10000,1
30706004,每日副本金币掉落,30706004,10000,1
30706005,每日副本金币掉落,30706005,10000,1
30706006,每日副本金币掉落,30706006,10000,1
30706007,每日副本金币掉落,30706007,10000,1
30706008,每日副本金币掉落,30706008,10000,1
30706009,每日副本金币掉落,30706009,10000,1
30706010,每日副本金币掉落,30706010,10000,1
30707001,每日副本金币掉落,30707001,10000,1
30707002,每日副本金币掉落,30707002,10000,1
30707003,每日副本金币掉落,30707003,10000,1
30707004,每日副本金币掉落,30707004,10000,1
30707005,每日副本金币掉落,30707005,10000,1
30707006,每日副本金币掉落,30707006,10000,1
30707007,每日副本金币掉落,30707007,10000,1
30707008,每日副本金币掉落,30707008,10000,1
30707009,每日副本金币掉落,30707009,10000,1
30707010,每日副本金币掉落,30707010,10000,1
30708001,每日副本金币掉落,30708001,10000,1
30708002,每日副本金币掉落,30708002,10000,1
30708003,每日副本金币掉落,30708003,10000,1
30708004,每日副本金币掉落,30708004,10000,1
30708005,每日副本金币掉落,30708005,10000,1
30708006,每日副本金币掉落,30708006,10000,1
30708007,每日副本金币掉落,30708007,10000,1
30708008,每日副本金币掉落,30708008,10000,1
30708009,每日副本金币掉落,30708009,10000,1
30708010,每日副本金币掉落,30708010,10000,1
30709001,每日副本金币掉落,30709001,10000,1
30709002,每日副本金币掉落,30709002,10000,1
30709003,每日副本金币掉落,30709003,10000,1
30709004,每日副本金币掉落,30709004,10000,1
30709005,每日副本金币掉落,30709005,10000,1
30709006,每日副本金币掉落,30709006,10000,1
30709007,每日副本金币掉落,30709007,10000,1
30709008,每日副本金币掉落,30709008,10000,1
30709009,每日副本金币掉落,30709009,10000,1
30709010,每日副本金币掉落,30709010,10000,1
30710001,每日副本金币掉落,30710001,10000,1
30710002,每日副本金币掉落,30710002,10000,1
30710003,每日副本金币掉落,30710003,10000,1
30710004,每日副本金币掉落,30710004,10000,1
30710005,每日副本金币掉落,30710005,10000,1
30710006,每日副本金币掉落,30710006,10000,1
30710007,每日副本金币掉落,30710007,10000,1
30710008,每日副本金币掉落,30710008,10000,1
30710009,每日副本金币掉落,30710009,10000,1
30710010,每日副本金币掉落,30710010,10000,1
30711001,每日副本金币掉落,30711001,10000,1
30711002,每日副本金币掉落,30711002,10000,1
30711003,每日副本金币掉落,30711003,10000,1
30711004,每日副本金币掉落,30711004,10000,1
30711005,每日副本金币掉落,30711005,10000,1
30711006,每日副本金币掉落,30711006,10000,1
30711007,每日副本金币掉落,30711007,10000,1
30711008,每日副本金币掉落,30711008,10000,1
30711009,每日副本金币掉落,30711009,10000,1
30711010,每日副本金币掉落,30711010,10000,1
30712001,每日副本金币掉落,30712001,10000,1
30712002,每日副本金币掉落,30712002,10000,1
30712003,每日副本金币掉落,30712003,10000,1
30712004,每日副本金币掉落,30712004,10000,1
30712005,每日副本金币掉落,30712005,10000,1
30712006,每日副本金币掉落,30712006,10000,1
30712007,每日副本金币掉落,30712007,10000,1
30712008,每日副本金币掉落,30712008,10000,1
30712009,每日副本金币掉落,30712009,10000,1
30712010,每日副本金币掉落,30712010,10000,1
30801001,每日副本幻钢掉落,30801001,10000,1
30802001,每日副本幻钢掉落,30802001,10000,1
30803001,每日副本幻钢掉落,30803001,10000,1
30804001,每日副本幻钢掉落,30804001,10000,1
30805001,每日副本幻钢掉落,30805001,10000,1
30806001,每日副本幻钢掉落,30806001,10000,1
30807001,每日副本幻钢掉落,30807001,10000,1
30808001,每日副本幻钢掉落,30808001,10000,1
30809001,每日副本幻钢掉落,30809001,10000,1
30810001,每日副本幻钢掉落,30810001,10000,1
30811001,每日副本幻钢掉落,30811001,10000,1
30812001,每日副本幻钢掉落,30812001,10000,1
30901001,每日副本经验药水掉落,30901001,10000,1
30902001,每日副本经验药水掉落,30902001,10000,1
30903001,每日副本经验药水掉落,30903001,10000,1
30904001,每日副本经验药水掉落,30904001,10000,1
30905001,每日副本经验药水掉落,30905001,10000,1
30906001,每日副本经验药水掉落,30906001,10000,1
30907001,每日副本经验药水掉落,30907001,10000,1
30908001,每日副本经验药水掉落,30908001,10000,1
30909001,每日副本经验药水掉落,30909001,10000,1
30910001,每日副本经验药水掉落,30910001,10000,1
30911001,每日副本经验药水掉落,30911001,10000,1
30912001,每日副本经验药水掉落,30912001,10000,1
32001001,每日副本经验羊掉落,32001001,10000,1
32002001,每日副本经验羊掉落,32002001,10000,1
32003001,每日副本经验羊掉落,32003001,10000,1
32004001,每日副本经验羊掉落,32004001,10000,1
32005001,每日副本经验羊掉落,32005001,10000,1
32006001,每日副本经验羊掉落,32006001,10000,1
32007001,每日副本经验羊掉落,32007001,10000,1
32008001,每日副本经验羊掉落,32008001,10000,1
32009001,每日副本经验羊掉落,32009001,10000,1
32010001,每日副本经验羊掉落,32010001,10000,1
32011001,每日副本经验羊掉落,32011001,10000,1
32012001,每日副本经验羊掉落,32012001,10000,1
90100001,媒体。。新浪,90100001,10000,0
90100002,媒体。。18183,90100002,10000,0
90100003,媒体。。5253多玩,90100003,10000,0
90100004,媒体。。游戏多,90100004,10000,0
90100005,媒体。。超好玩,90100005,10000,0
90100006,媒体。。着迷网,90100006,10000,0
90100007,媒体。。任玩堂,90100007,10000,0
90100008,媒体。。口袋巴士,90100008,10000,0
90100009,媒体。。搞趣网,90100009,10000,0
90100010,媒体。。手游通,90100010,10000,0
90100011,媒体。。不凡游戏网,90100011,10000,0
90100012,媒体。。1688wan,90100012,10000,0
90100013,媒体。。开服网手游,90100013,10000,0
90100014,媒体。。魔方网,90100014,10000,0
90100015,媒体。。游久网,90100015,10000,0
90100016,媒体。。七匣子,90100016,10000,0
90100017,媒体。。新手礼包,90100017,10000,0
90100018,媒体。。进阶礼包,90100018,10000,0
90100019,媒体。。特殊礼包,90100019,10000,0
90101001,渠道。。1档,90101001,10000,0
90101002,渠道。。2档,90101002,10000,0
90101003,渠道。。3档,90101003,10000,0
90101004,渠道。。4档,90101004,10000,0
90101005,渠道。。5档,90101005,10000,0
90101006,渠道。。6档,90101006,10000,0
90102001,应用宝成长礼包1,90102001,10000,0
90102002,应用宝成长礼包2,90102002,10000,0
90102003,应用宝成长礼包3,90102003,10000,0
90102004,应用宝成长礼包4,90102004,10000,0
90102005,应用宝成长礼包5,90102005,10000,0
90102006,应用宝成长礼包6,90102006,10000,0
90102007,应用宝成长礼包7,90102007,10000,0
90103001,公关礼包,90103001,10000,0
90103002,官网礼包,90103002,10000,0
90104001,应用宝预约礼包,90104001,10000,0
90104002,论坛通用礼包,90104002,10000,0
90320001,绿色装备箱,90320001,10000,1
90330001,蓝色装备箱,90330001,10000,1
90340001,紫色装备箱,90340001,10000,1
88888888,GM礼包,88888888,1,0
909998,梦幻礼包,909998,10000,-1
