team_id,id_lv_1,id_lv_2,id_lv_3,id_lv_4,id_lv_5,id_lv_6,id_lv_7,id_lv_8,id_lv_9,boss,pre_dialog,end_dialog,monster_scale1,monster_scale2,monster_scale3,monster_scale4,monster_scale5,monster_scale6,monster_scale7,monster_scale8,monster_scale9,CD_reductionOnce
1,8;2;1;1;1,,,,8;2;1;1;1,10;2;1;1;1,9;2;1;1;1,12;2;1.2;1.2;1.2,37;2;1.4;1.4;1.4,,0,0,,,,,,,,,,0
2,8;2;1;1;1,,12;2;1;1;1,,12;2;1;1;1,,,,,,0,0,,,,,,,,,,0
3,12;2;1.5;1.5;1.5,,,8;2;1.3;1.3;1.3,,8;2;1;1;1,,8;2;1.3;1.3;1.3,12;3;1.3;1.3;1.3,,0,0,,,,,,,,,,0
4,,,,,52;2;1;1;1,,,,,,0,0,,,,,,,,,,0
101011,,,,,1;1;0.28;0.8;0.5,,,,,,0,0,,,,,,,,,,0
201011,,,,,1;3;0.6;0.9;0.6,,,,,,0,0,,,,,,,,,,0
301011,,,,,1;5;0.6;1;0.8,,,,,,0,0,,,,,,,,,,0
101012,,1;1;0.5;0.8;0.5,,,1;1;0.5;0.8;0.5,,,,,,0,0,,,,,,,,,,0
201012,,1;3;0.6;0.9;0.6,,,1;3;0.6;0.9;0.6,,,,,,0,0,,,,,,,,,,0.5
301012,,1;5;0.6;1;0.8,,,1;5;0.6;1;0.8,,,,,,0,0,,,,,,,,,,0.5
101021,,,,,1;1;0.32;0.8;0.5,,,1;1;0.32;0.8;0.5,,,0,0,,,,,,,,,,0
201021,,,,,1;3;0.6;0.9;0.6,,,1;3;0.6;0.9;0.6,,,0,0,,,,,,,,,,0
301021,,,,,1;5;0.6;1;0.8,,,1;5;0.6;1;0.8,,,0,0,,,,,,,,,,0
101022,,,,1;1;0.4;0.8;0.5,,1;1;0.4;0.8;0.5,,3;1;1.1;1.2;0.5,,8,10201,10251,,,,,,,,1.5,,0
201022,,,,1;3;0.6;0.9;0.6,,1;3;0.6;0.9;0.6,,3;3;1.1;1.35;0.6,,8,0,0,,,,,,,,1.5,,0.5
301022,,,,1;5;0.6;1;0.8,,1;5;0.6;1;0.8,,3;5;1.1;1.35;0.8,,8,0,0,,,,,,,,1.5,,0.5
101031,,5;1;0.4;0.8;0.5,,,,,,63;1;0.4;0.8;0.5,,,0,0,,,,,,,,,,0
201031,,5;3;0.7;0.9;0.6,,,,,,63;3;0.7;0.9;0.6,,,0,0,,,,,,,,,,0
301031,,5;5;0.7;1;0.8,,,,,,63;5;0.7;1;0.8,,,0,0,,,,,,,,,,0
101032,5;1;0.45;0.8;0.5,,,4;1;0.45;0.8;0.5,,63;1;0.45;0.8;0.5,,,,,0,0,,,,,,,,,,0
201032,5;3;0.7;0.9;0.6,,,4;3;0.7;0.9;0.6,,63;3;0.7;0.9;0.6,,,,,0,0,,,,,,,,,,0.5
301032,5;5;0.7;1;0.8,,,4;5;0.7;1;0.8,,63;5;0.7;1;0.8,,,,,0,0,,,,,,,,,,0.5
101041,,5;1;0.4;0.8;0.5,,,4;1;0.4;0.8;0.5,,,,,,0,0,,,,,,,,,,0
201041,,5;3;0.8;0.9;0.6,,,4;3;0.8;0.9;0.6,,,,,,0,0,,,,,,,,,,0
301041,,5;5;0.8;1;0.8,,,4;5;0.8;1;0.8,,,,,,0,0,,,,,,,,,,0
101042,,,5;1;0.45;0.8;0.5,,4;1;0.45;0.8;0.5,,63;1;0.45;0.8;0.5,,,,0,0,,,,,,,,,,0
201042,,,5;3;0.8;0.9;0.6,,4;3;0.8;0.9;0.6,,63;3;0.8;0.9;0.6,,,,0,0,,,,,,,,,,0.5
301042,,,5;5;0.8;1;0.8,,4;5;0.8;1;0.8,,63;5;0.8;1;0.8,,,,0,0,,,,,,,,,,0.5
101051,,5;1;0.45;0.8;0.5,,,,4;1;0.45;0.8;0.5,,,,,0,0,,,,,,,,,,0
201051,,5;3;0.8;0.9;0.6,,,,4;3;0.8;0.9;0.6,,,,,0,0,,,,,,,,,,0
301051,,5;5;0.8;1;0.8,,,,4;5;0.8;1;0.8,,,,,0,0,,,,,,,,,,0
101052,,109;1;0.8;0.8;0.5,,,,,,49;1;1.2;1;0.5,,8,10501,10551,,,,,,,,1.5,,0.5
201052,,109;3;0.8;0.9;0.6,,,,,,49;3;1.4;1.35;0.6,,8,0,0,,,,,,,,1.5,,0.5
301052,,109;5;0.8;1;0.8,,,,,,49;5;1.4;1.35;0.8,,8,0,0,,,,,,,,1.5,,0.5
102011,,,,,60;1;0.6;0.9;0.5,,60;1;0.6;0.9;0.5,,,,0,0,,,,,,,,,,0
202011,,,,,60;3;0.8;1;0.6,,60;3;0.8;1;0.6,,,,0,0,,,,,,,,,,0
302011,,,,,60;5;0.8;1.1;0.8,,60;5;0.8;1.1;0.8,,,,0,0,,,,,,,,,,0
102012,,60;1;0.6;0.9;0.5,,60;1;0.6;0.9;0.5,,,60;1;0.6;0.9;0.5,,,,0,20151,,,,,,,,,,0.5
202012,,60;3;0.8;1;0.6,,60;3;0.8;1;0.6,,,60;3;0.8;1;0.6,,,,0,0,,,,,,,,,,0.5
302012,,60;5;0.8;1.1;0.8,,60;5;0.8;1.1;0.8,,,60;5;0.8;1.1;0.8,,,,0,0,,,,,,,,,,0.5
102021,,,61;1;0.6;0.9;0.5,,,60;1;0.6;0.9;0.5,,59;1;0.6;0.9;0.5,,,0,0,,,,,,,,,,0
202021,,,61;3;0.8;1;0.6,,,60;3;0.8;1;0.6,,59;3;0.8;1;0.6,,,0,0,,,,,,,,,,0
302021,,,61;5;0.8;1.1;0.8,,,60;5;0.8;1.1;0.8,,59;5;0.8;1.1;0.8,,,0,0,,,,,,,,,,0
102022,,61;1;0.6;0.9;0.5,,,61;1;0.6;0.9;0.5,,,,59;1;0.6;0.9;0.5,,0,0,,,,,,,,,,0.5
202022,,61;3;0.8;1;0.6,,,61;3;0.8;1;0.6,,,,59;3;0.8;1;0.6,,0,0,,,,,,,,,,0.5
302022,,61;5;0.8;1.1;0.8,,,61;5;0.8;1.1;0.8,,,,59;5;0.8;1.1;0.8,,0,0,,,,,,,,,,0.5
102031,61;1;0.7;1;0.5,,,,61;1;0.7;1;0.5,61;1;0.7;1;0.5,,,,,0,0,,,,,,,,,,0
202031,61;3;0.8;1.15;0.6,,,,61;3;0.8;1.15;0.6,61;3;0.8;1.15;0.6,,,,,0,0,,,,,,,,,,0
302031,61;5;0.8;1.2;0.8,,,,61;5;0.8;1.2;0.8,61;5;0.8;1.2;0.8,,,,,0,0,,,,,,,,,,0
102032,,61;1;0.7;1;0.5,,60;1;0.7;1;0.5,,60;1;0.7;1;0.5,,59;1;0.7;1;0.5,,,0,0,,,,,,,,,,0.5
202032,,61;3;0.8;1.15;0.6,,60;3;0.8;1.15;0.6,,60;3;0.8;1.15;0.6,,59;3;0.8;1.15;0.6,,,0,0,,,,,,,,,,0.5
302032,,61;5;0.8;1.2;0.8,,60;5;0.8;1.2;0.8,,60;5;0.8;1.2;0.8,,59;5;0.8;1.2;0.8,,,0,0,,,,,,,,,,0.5
102041,,60;1;0.7;1.05;0.5,,,60;1;0.7;1.05;0.5,,59;1;0.7;1.05;0.5,,,,0,0,,,,,,,,,,0
202041,,60;3;0.8;1.15;0.6,,,60;3;0.8;1.15;0.6,,59;3;0.8;1.15;0.6,,,,0,0,,,,,,,,,,0
302041,,60;5;0.8;1.2;0.8,,,60;5;0.8;1.2;0.8,,59;5;0.8;1.2;0.8,,,,0,0,,,,,,,,,,0
102042,,,61;1;0.7;1.05;0.5,,60;1;0.7;1.05;0.5,60;1;0.7;1.05;0.5,,124;1;1.2;1.4;0.5,,8,20401,20451,,,,,,,,1.5,,0.5
202042,,,61;3;0.8;1.15;0.6,,60;3;0.8;1.15;0.6,60;3;0.8;1.15;0.6,,124;3;1.2;1.5;0.6,,8,0,0,,,,,,,,1.5,,0.5
302042,,,61;5;0.8;1.2;0.8,,60;5;0.8;1.2;0.8,60;5;0.8;1.2;0.8,,124;5;1.4;1.5;0.8,,8,0,0,,,,,,,,1.5,,0.5
102051,,,,,,,29;1;0.7;1.05;0.5,29;1;0.7;1.05;0.5,29;1;0.7;1.05;0.5,,0,0,,,,,,,,,,0
202051,,,,,,,29;3;0.8;1.15;0.6,29;3;0.8;1.15;0.6,29;3;0.8;1.15;0.6,,0,0,,,,,,,,,,0
302051,,,,,,,29;5;0.8;1.2;0.8,29;5;0.8;1.2;0.8,29;5;0.8;1.2;0.8,,0,0,,,,,,,,,,0
102052,,61;1;0.7;1.05;0.5,,29;1;0.7;1.05;0.5,34;1;0.7;1.05;0.5,29;1;0.7;1.05;0.5,,,,,0,0,,,,,,,,,,0.5
202052,,61;3;0.8;1.15;0.6,,29;3;0.8;1.15;0.6,34;3;0.8;1.15;0.6,29;3;0.8;1.15;0.6,,,,,0,0,,,,,,,,,,0.5
302052,,61;5;0.8;1.2;0.8,,29;5;0.8;1.2;0.8,34;5;0.8;1.2;0.8,29;5;0.8;1.2;0.8,,,,,0,0,,,,,,,,,,0.5
102061,,,,61;1;0.7;1.05;0.5,61;1;0.7;1.05;0.5,61;1;0.7;1.05;0.5,,,,,0,0,,,,,,,,,,0
202061,,,,61;3;0.8;1.15;0.6,61;3;0.8;1.15;0.6,61;3;0.8;1.15;0.6,,,,,0,0,,,,,,,,,,0
302061,,,,61;5;0.8;1.2;0.8,61;5;0.8;1.2;0.8,61;5;0.8;1.2;0.8,,,,,0,0,,,,,,,,,,0
102062,61;1;0.7;1.05;0.5,,61;1;0.7;1.05;0.5,,,,29;1;0.7;1.05;0.5,,29;1;0.7;1.05;0.5,,0,0,,,,,,,,,,0.5
202062,61;3;0.8;1.15;0.6,,61;3;0.8;1.15;0.6,,,,29;3;0.8;1.15;0.6,,29;3;0.8;1.15;0.6,,0,0,,,,,,,,,,0.5
302062,61;5;0.8;1.2;0.8,,61;5;0.8;1.2;0.8,,,,29;5;0.8;1.2;0.8,,29;5;0.8;1.2;0.8,,0,0,,,,,,,,,,0.5
102071,,61;1;0.7;1.1;0.5,,59;1;0.7;1.1;0.5,,29;1;0.7;1.1;0.5,,,,,0,0,,,,,,,,,,0
202071,,61;3;0.8;1.15;0.6,,59;3;0.8;1.15;0.6,,29;3;0.8;1.15;0.6,,,,,0,0,,,,,,,,,,0
302071,,61;5;0.8;1.2;0.8,,59;5;0.8;1.2;0.8,,29;5;0.8;1.2;0.8,,,,,0,0,,,,,,,,,,0
102072,,61;1;0.7;1.1;0.5,,,29;1;0.7;1.1;0.5,34;1;0.7;1.1;0.5,,138;1;1.1;1.3;0.5,,8,20701,20751,,,,,,,,1.5,,0.5
202072,,61;3;0.8;1.15;0.6,,,29;3;0.8;1.15;0.6,34;3;0.8;1.15;0.6,,138;3;1.1;1.5;0.6,,8,0,0,,,,,,,,1.5,,0.5
302072,,61;5;0.8;1.2;0.8,,,29;5;0.8;1.2;0.8,34;5;0.8;1.2;0.8,,138;5;1.3;1.5;0.8,,8,0,0,,,,,,,,1.5,,0.5
103011,,33;1;0.55;1;0.6,34;1;0.55;1;0.6,,,,29;1;0.55;1;0.6,,,,0,0,,,,,,,,,,0
203011,,33;3;0.65;1.1;0.75,34;3;0.65;1.1;0.75,,,,29;3;0.65;1.1;0.75,,,,0,0,,,,,,,,,,0
303011,,33;5;0.65;1.2;1,34;5;0.65;1.2;1,,,,29;5;0.65;1.2;1,,,,0,0,,,,,,,,,,0
103012,33;1;0.65;1;0.6,,,30;1;0.65;1;0.6,,34;1;0.65;1;0.6,,,31;1;0.65;1;0.6,,30101,30151,,,,,,,,,,0.5
203012,33;3;0.8;1.1;0.75,,,30;3;0.8;1.1;0.75,,34;3;0.8;1.1;0.75,,,31;3;0.8;1.1;0.75,,0,0,,,,,,,,,,0.5
303012,33;5;0.8;1.2;1,,,30;5;0.8;1.2;1,,34;5;0.8;1.2;1,,,31;5;0.8;1.2;1,,0,0,,,,,,,,,,0.5
103021,,33;1;0.65;1;0.6,,,30;1;0.65;1;0.6,,,31;1;0.65;1;0.6,,,0,0,,,,,,,,,,0
203021,,33;3;0.7;1.1;0.75,,,30;3;0.7;1.1;0.75,,,31;3;0.7;1.1;0.75,,,0,0,,,,,,,,,,0
303021,,33;5;0.7;1.2;1,,,30;5;0.7;1.2;1,,,31;5;0.7;1.2;1,,,0,0,,,,,,,,,,0
103022,,,33;1;0.7;1;0.6,,30;1;0.7;1;0.6,,31;1;0.7;1;0.6,,34;1;0.7;1;0.6,,0,0,,,,,,,,,,0.5
203022,,,33;3;0.8;1.1;0.75,,30;3;0.8;1.1;0.75,,31;3;0.8;1.1;0.75,,34;3;0.8;1.1;0.75,,0,0,,,,,,,,,,0.5
303022,,,33;5;0.8;1.2;1,,30;5;0.8;1.2;1,,31;5;0.8;1.2;1,,34;5;0.8;1.2;1,,0,0,,,,,,,,,,0.5
103031,33;1;0.65;1;0.6,,,30;1;0.65;1;0.6,,,,,29;1;0.65;1;0.6,,0,0,,,,,,,,,,0
203031,33;3;0.7;1.1;0.75,,,30;3;0.7;1.1;0.75,,,,,29;3;0.7;1.1;0.75,,0,0,,,,,,,,,,0
303031,33;5;0.7;1.2;1,,,30;5;0.7;1.2;1,,,,,29;5;0.7;1.2;1,,0,0,,,,,,,,,,0
103032,,33;1;0.7;1;0.6,,30;1;0.7;1;0.6,,34;1;0.7;1;0.6,,31;1;0.7;1;0.6,,,0,0,,,,,,,,,,0.5
203032,,33;3;0.8;1.1;0.75,,30;3;0.8;1.1;0.75,,34;3;0.8;1.1;0.75,,31;3;0.8;1.1;0.75,,,0,0,,,,,,,,,,0.5
303032,,33;5;0.8;1.2;1,,30;5;0.8;1.2;1,,34;5;0.8;1.2;1,,31;5;0.8;1.2;1,,,0,0,,,,,,,,,,0.5
103041,,33;1;0.65;1;0.6,,,30;1;0.65;1;0.6,,,29;1;0.65;1;0.6,,,0,0,,,,,,,,,,0
203041,,33;3;0.7;1.1;0.75,,,30;3;0.7;1.1;0.75,,,29;3;0.7;1.1;0.75,,,0,0,,,,,,,,,,0
303041,,33;5;0.7;1.2;1,,,30;5;0.7;1.2;1,,,29;5;0.7;1.2;1,,,0,0,,,,,,,,,,0
103042,33;1;0.7;1;0.6,108;1;1.4;1.4;0.6,33;1;0.7;1;0.6,,,,31;1;0.7;1;0.6,,31;1;0.7;1;0.6,2,30401,30451,,1.5,,,,,,,,0.5
203042,33;3;0.8;1.1;0.75,108;3;1.4;1.5;0.75,33;3;0.8;1.1;0.75,,,,31;3;0.8;1.1;0.75,,31;3;0.8;1.1;0.75,2,0,0,,1.5,,,,,,,,0.5
303042,33;5;0.8;1.2;1,108;5;1.4;1.5;1,33;5;0.8;1.2;1,,,,31;5;0.8;1.2;1,,31;5;0.8;1.2;1,2,0,0,,1.5,,,,,,,,0.5
103051,,,,10;1;0.65;1;0.6,10;1;0.65;1;0.6,10;1;0.65;1;0.6,,12;1;0.65;1;0.6,,,30501,0,,,,,,,,,,0
203051,,,,10;3;0.7;1.1;0.75,10;3;0.7;1.1;0.75,10;3;0.7;1.1;0.75,,12;3;0.7;1.1;0.75,,,0,0,,,,,,,,,,0
303051,,,,10;5;0.7;1.2;1,10;5;0.7;1.2;1,10;5;0.7;1.2;1,,12;5;0.7;1.2;1,,,0,0,,,,,,,,,,0
103052,,11;1;0.7;1;0.6,,10;1;0.7;1;0.6,,10;1;0.7;1;0.6,,13;1;0.7;1;0.6,13;1;0.7;1;0.6,,30503,30551,,,,,,,,,,0.5
203052,,11;3;0.8;1.1;0.75,,10;3;0.8;1.1;0.75,,10;3;0.8;1.1;0.75,,13;3;0.8;1.1;0.75,13;3;0.8;1.1;0.75,,0,0,,,,,,,,,,0.5
303052,,11;5;0.8;1.2;1,,10;5;0.8;1.2;1,,10;5;0.8;1.2;1,,13;5;0.8;1.2;1,13;5;0.8;1.2;1,,0,0,,,,,,,,,,0.5
103061,11;1;0.65;1;0.6,,11;1;0.65;1;0.6,,,12;1;0.65;1;0.6,,12;1;0.65;1;0.6,,,0,0,,,,,,,,,,0
203061,11;3;0.7;1.1;0.75,,11;3;0.7;1.1;0.75,,,12;3;0.7;1.1;0.75,,12;3;0.7;1.1;0.75,,,0,0,,,,,,,,,,0
303061,11;5;0.7;1.2;1,,11;5;0.7;1.2;1,,,12;5;0.7;1.2;1,,12;5;0.7;1.2;1,,,0,0,,,,,,,,,,0
103062,11;1;0.7;1;0.6,11;1;0.7;1;0.6,11;1;0.7;1;0.6,,13;1;0.7;1;0.6,,,13;1;0.7;1;0.6,,,0,0,,,,,,,,,,0.5
203062,11;3;0.8;1.1;0.75,11;3;0.8;1.1;0.75,11;3;0.8;1.1;0.75,,13;3;0.8;1.1;0.75,,,13;3;0.8;1.1;0.75,,,0,0,,,,,,,,,,0.5
303062,11;5;0.8;1.2;1,11;5;0.8;1.2;1,11;5;0.8;1.2;1,,13;5;0.8;1.2;1,,,13;5;0.8;1.2;1,,,0,0,,,,,,,,,,0.5
103071,11;1;0.65;1;0.6,,,,10;1;0.65;1;0.6,,10;1;0.65;1;0.6,,12;1;0.65;1;0.6,,0,0,,,,,,,,,,0
203071,11;3;0.7;1.1;0.75,,,,10;3;0.7;1.1;0.75,,10;3;0.7;1.1;0.75,,12;3;0.7;1.1;0.75,,0,0,,,,,,,,,,0
303071,11;5;0.7;1.2;1,,,,10;5;0.7;1.2;1,,10;5;0.7;1.2;1,,12;5;0.7;1.2;1,,0,0,,,,,,,,,,0
103072,66;1;0.7;1;0.6,65;1;0.7;1;0.6,66;1;0.7;1;0.6,,13;1;0.7;1;0.6,13;1;0.7;1;0.6,,,,,0,0,,,,,,,,,,0.5
203072,66;3;0.8;1.1;0.75,65;3;0.8;1.1;0.75,66;3;0.8;1.1;0.75,,13;3;0.8;1.1;0.75,13;3;0.8;1.1;0.75,,,,,0,0,,,,,,,,,,0.5
303072,66;5;0.8;1.2;1,65;5;0.8;1.2;1,66;5;0.8;1.2;1,,13;5;0.8;1.2;1,13;5;0.8;1.2;1,,,,,0,0,,,,,,,,,,0.5
103081,11;1;0.65;1;0.6,,11;1;0.65;1;0.6,,,,,13;1;0.65;1;0.6,10;1;0.65;1;0.6,,0,0,,,,,,,,,,0
203081,11;3;0.7;1.1;0.75,,11;3;0.7;1.1;0.75,,,,,13;3;0.7;1.1;0.75,10;3;0.7;1.1;0.75,,0,0,,,,,,,,,,0
303081,11;5;0.7;1.2;1,,11;5;0.7;1.2;1,,,,,13;5;0.7;1.2;1,10;5;0.7;1.2;1,,0,0,,,,,,,,,,0
103082,,11;1;0.7;1;0.6,,,14;1;1.4;1.4;0.6,,12;1;0.7;1;0.6,12;1;0.7;1;0.6,10;1;0.7;1;0.6,5,30801,30851,,,,,1.5,,,,,0.5
203082,,11;3;0.8;1.1;0.75,,,14;3;1.4;1.5;0.75,,12;3;0.8;1.1;0.75,12;3;0.8;1.1;0.75,10;3;0.8;1.1;0.75,5,0,0,,,,,1.5,,,,,0.5
303082,,11;5;0.8;1.2;1,,,14;5;1.4;1.5;1,,12;5;0.8;1.2;1,12;5;0.8;1.2;1,10;5;0.8;1.2;1,5,0,0,,,,,1.5,,,,,0.5
104011,,5;1;0.6;0.95;0.6,,5;1;0.6;0.95;0.6,,,4;1;0.6;0.95;0.6,,,,0,0,,,,,,,,,,0
204011,,5;3;0.7;1.05;0.75,,5;3;0.7;1.05;0.75,,,4;3;0.7;1.05;0.75,,,,0,0,,,,,,,,,,0
304011,,5;5;0.7;1.15;1,,5;5;0.7;1.15;1,,,4;5;0.7;1.15;1,,,,0,0,,,,,,,,,,0
104012,,5;1;0.8;0.95;0.6,5;1;0.8;0.95;0.6,,1;1;0.8;0.95;0.6,,,4;1;0.8;0.95;0.6,,,0,0,,,,,,,,,,0.5
204012,,5;3;0.9;1.05;0.75,5;3;0.9;1.05;0.75,,1;3;0.9;1.05;0.75,,,4;3;0.9;1.05;0.75,,,0,0,,,,,,,,,,0.5
304012,,5;5;0.9;1.15;1,5;5;0.9;1.15;1,,1;5;0.9;1.15;1,,,4;5;0.9;1.15;1,,,0,0,,,,,,,,,,0.5
104021,5;1;0.65;0.95;0.6,,,4;1;0.65;0.95;0.6,,,4;1;0.65;0.95;0.6,,,,0,40251,,,,,,,,,,0
204021,5;3;0.75;1.05;0.75,,,4;3;0.75;1.05;0.75,,,4;3;0.75;1.05;0.75,,,,0,0,,,,,,,,,,0
304021,5;5;0.75;1.15;1,,,4;5;0.75;1.15;1,,,4;5;0.75;1.15;1,,,,0,0,,,,,,,,,,0
104022,,5;1;0.8;0.95;0.6,,1;1;0.8;0.95;0.6,1;1;0.8;0.95;0.6,1;1;0.8;0.95;0.6,,15;1;0.8;0.95;0.6,,,0,0,,,,,,,,,,0.5
204022,,5;3;0.9;1.05;0.75,,1;3;0.9;1.05;0.75,1;3;0.9;1.05;0.75,1;3;0.9;1.05;0.75,,15;3;0.9;1.05;0.75,,,0,0,,,,,,,,,,0.5
304022,,5;5;0.9;1.15;1,,1;5;0.9;1.15;1,1;5;0.9;1.15;1,1;5;0.9;1.15;1,,15;5;0.9;1.15;1,,,0,0,,,,,,,,,,0.5
104031,4;1;0.75;0.95;0.6,4;1;0.75;0.95;0.6,4;1;0.75;0.95;0.6,,69;1;0.75;0.95;0.6,,,,,,0,0,,,,,,,,,,0
204031,4;3;0.75;1.05;0.75,4;3;0.75;1.05;0.75,4;3;0.75;1.05;0.75,,69;3;0.75;1.05;0.75,,,,,,0,0,,,,,,,,,,0
304031,4;5;0.75;1.15;1,4;5;0.75;1.15;1,4;5;0.75;1.15;1,,69;5;0.75;1.15;1,,,,,,0,0,,,,,,,,,,0
104032,5;1;0.9;0.95;0.6,,,4;1;0.9;0.95;0.6,,15;1;0.9;0.95;0.6,15;1;0.9;0.95;0.6,117;1;1.4;1.4;0.6,,8,40301,40351,,,,,,,,1.5,,0.5
204032,5;3;0.9;1.05;0.75,,,4;3;0.9;1.05;0.75,,15;3;0.9;1.05;0.75,15;3;0.9;1.05;0.75,117;3;1.4;1.5;0.75,,8,0,0,,,,,,,,1.5,,0.5
304032,5;5;0.9;1.15;1,,,4;5;0.9;1.15;1,,15;5;0.9;1.15;1,15;5;0.9;1.15;1,117;5;1.4;1.5;1,,8,0,0,,,,,,,,1.5,,0.5
104041,,,5;1;0.75;0.95;0.6,,1;1;0.75;0.95;0.6,69;1;0.75;0.95;0.6,16;1;0.75;0.95;0.6,,,,0,0,,,,,,,,,,0
204041,,,5;3;0.75;1.05;0.75,,1;3;0.75;1.05;0.75,69;3;0.75;1.05;0.75,16;3;0.75;1.05;0.75,,,,0,0,,,,,,,,,,0
304041,,,5;5;0.75;1.15;1,,1;5;0.75;1.15;1,69;5;0.75;1.15;1,16;5;0.75;1.15;1,,,,0,0,,,,,,,,,,0
104042,5;1;0.9;0.95;0.6,,5;1;0.9;0.95;0.6,,16;1;0.9;0.95;0.6,69;1;0.9;0.95;0.6,16;1;0.9;0.95;0.6,,,,0,0,,,,,,,,,,0.5
204042,5;3;0.9;1.05;0.75,,5;3;0.9;1.05;0.75,,16;3;0.9;1.05;0.75,69;3;0.9;1.05;0.75,16;3;0.9;1.05;0.75,,,,0,0,,,,,,,,,,0.5
304042,5;5;0.9;1.15;1,,5;5;0.9;1.15;1,,16;5;0.9;1.15;1,69;5;0.9;1.15;1,16;5;0.9;1.15;1,,,,0,0,,,,,,,,,,0.5
104051,,5;1;0.75;0.95;0.6,,,,,16;1;0.75;0.95;0.6,16;1;0.75;0.95;0.6,16;1;0.75;0.95;0.6,,0,0,,,,,,,,,,0
204051,,5;3;0.75;1.05;0.75,,,,,16;3;0.75;1.05;0.75,16;3;0.75;1.05;0.75,16;3;0.75;1.05;0.75,,0,0,,,,,,,,,,0
304051,,5;5;0.75;1.15;1,,,,,16;5;0.75;1.15;1,16;5;0.75;1.15;1,16;5;0.75;1.15;1,,0,0,,,,,,,,,,0
104052,15;1;0.9;0.95;0.6,,15;1;0.9;0.95;0.6,,69;1;0.9;0.95;0.6,,16;1;0.9;0.95;0.6,,16;1;0.9;0.95;0.6,,0,0,,,,,,,,,,0.5
204052,15;3;0.9;1.05;0.75,,15;3;0.9;1.05;0.75,,69;3;0.9;1.05;0.75,,16;3;0.9;1.05;0.75,,16;3;0.9;1.05;0.75,,0,0,,,,,,,,,,0.5
304052,15;5;0.9;1.15;1,,15;5;0.9;1.15;1,,69;5;0.9;1.15;1,,16;5;0.9;1.15;1,,16;5;0.9;1.15;1,,0,0,,,,,,,,,,0.5
104061,,15;1;0.75;0.95;0.6,,15;1;0.75;0.95;0.6,,,17;1;0.75;0.95;0.6,,16;1;0.75;0.95;0.6,,0,0,,,,,,,,,,0
204061,,15;3;0.75;1.05;0.75,,15;3;0.75;1.05;0.75,,,17;3;0.75;1.05;0.75,,16;3;0.75;1.05;0.75,,0,0,,,,,,,,,,0
304061,,15;5;0.75;1.15;1,,15;5;0.75;1.15;1,,,17;5;0.75;1.15;1,,16;5;0.75;1.15;1,,0,0,,,,,,,,,,0
104062,5;1;0.9;0.95;0.6,,,16;1;0.9;0.95;0.6,16;1;0.9;0.95;0.6,16;1;0.9;0.95;0.6,,141;1;1.4;1.4;0.6,,8,40601,40651,,,,,,,,1.5,,0.5
204062,5;3;0.9;1.05;0.75,,,16;3;0.9;1.05;0.75,16;3;0.9;1.05;0.75,16;3;0.9;1.05;0.75,,141;3;1.4;1.5;0.75,,8,0,0,,,,,,,,1.5,,0.5
304062,5;5;0.9;1.15;1,,,16;5;0.9;1.15;1,16;5;0.9;1.15;1,16;5;0.9;1.15;1,,141;5;1.4;1.5;1,,8,0,0,,,,,,,,1.5,,0.5
104071,,1;1;0.75;0.95;0.6,,,16;1;0.75;0.95;0.6,5;1;0.75;0.95;0.6,,5;1;0.75;0.95;0.6,,,0,0,,,,,,,,,,0
204071,,1;3;0.75;1.05;0.75,,,16;3;0.75;1.05;0.75,5;3;0.75;1.05;0.75,,5;3;0.75;1.05;0.75,,,0,0,,,,,,,,,,0
304071,,1;5;0.75;1.15;1,,,16;5;0.75;1.15;1,5;5;0.75;1.15;1,,5;5;0.75;1.15;1,,,0,0,,,,,,,,,,0
104072,5;1;0.9;0.95;0.6,,5;1;0.9;0.95;0.6,16;1;0.9;0.95;0.6,,16;1;0.9;0.95;0.6,,17;1;0.9;0.95;0.6,,,0,0,,,,,,,,,,0.5
204072,5;3;0.9;1.05;0.75,,5;3;0.9;1.05;0.75,16;3;0.9;1.05;0.75,,16;3;0.9;1.05;0.75,,17;3;0.9;1.05;0.75,,,0,0,,,,,,,,,,0.5
304072,5;5;0.9;1.15;1,,5;5;0.9;1.15;1,16;5;0.9;1.15;1,,16;5;0.9;1.15;1,,17;5;0.9;1.15;1,,,0,0,,,,,,,,,,0.5
104081,,1;1;0.75;0.95;0.6,,,16;1;0.75;0.95;0.6,,16;1;0.75;0.95;0.6,17;1;0.75;0.95;0.6,,,0,0,,,,,,,,,,0
204081,,1;3;0.75;1.05;0.75,,,16;3;0.75;1.05;0.75,,16;3;0.75;1.05;0.75,17;3;0.75;1.05;0.75,,,0,0,,,,,,,,,,0
304081,,1;5;0.75;1.15;1,,,16;5;0.75;1.15;1,,16;5;0.75;1.15;1,17;5;0.75;1.15;1,,,0,0,,,,,,,,,,0
104082,,5;1;0.9;0.95;0.6,5;1;0.9;0.95;0.6,,16;1;0.9;0.95;0.6,,17;1;0.9;0.95;0.6,17;1;0.9;0.95;0.6,,,0,0,,,,,,,,,,0.5
204082,,5;3;0.9;1.05;0.75,5;3;0.9;1.05;0.75,,16;3;0.9;1.05;0.75,,17;3;0.9;1.05;0.75,17;3;0.9;1.05;0.75,,,0,0,,,,,,,,,,0.5
304082,,5;5;0.9;1.15;1,5;5;0.9;1.15;1,,16;5;0.9;1.15;1,,17;5;0.9;1.15;1,17;5;0.9;1.15;1,,,0,0,,,,,,,,,,0.5
104091,15;1;0.75;0.95;0.6,15;1;0.75;0.95;0.6,15;1;0.75;0.95;0.6,,,16;1;0.75;0.95;0.6,,16;1;0.75;0.95;0.6,,,0,0,,,,,,,,,,0
204091,15;3;0.75;1.05;0.75,15;3;0.75;1.05;0.75,15;3;0.75;1.05;0.75,,,16;3;0.75;1.05;0.75,,16;3;0.75;1.05;0.75,,,0,0,,,,,,,,,,0
304091,15;5;0.75;1.15;1,15;5;0.75;1.15;1,15;5;0.75;1.15;1,,,16;5;0.75;1.15;1,,16;5;0.75;1.15;1,,,0,0,,,,,,,,,,0
104092,5;1;0.9;0.95;0.6,,,17;1;0.9;0.95;0.6,16;1;0.9;0.95;0.6,117;1;0.9;0.95;0.6,,103;1;1.4;1.4;0.6,,8,40901,40951,,,,,,,,1.5,,0.5
204092,5;3;0.9;1.05;0.75,,,17;3;0.9;1.05;0.75,16;3;0.9;1.05;0.75,117;3;0.9;1.05;0.75,,103;3;1.4;1.5;0.75,,8,0,0,,,,,,,,1.5,,0.5
304092,5;5;0.9;1.15;1,,,17;5;0.9;1.15;1,16;5;0.9;1.15;1,117;5;0.9;1.15;1,,103;5;1.4;1.5;1,,8,0,0,,,,,,,,1.5,,0.5
105011,20;1;0.6;0.95;0.6,,20;1;0.6;0.95;0.6,,24;1;0.6;0.95;0.6,,24;1;0.6;0.95;0.6,,,,0,0,,,,,,,,,,0
205011,20;3;0.7;1.05;0.75,,20;3;0.7;1.05;0.75,,24;3;0.7;1.05;0.75,,24;3;0.7;1.05;0.75,,,,0,0,,,,,,,,,,0
305011,20;5;0.7;1.15;1,,20;5;0.7;1.15;1,,24;5;0.7;1.15;1,,24;5;0.7;1.15;1,,,,0,0,,,,,,,,,,0
105012,,24;1;0.8;0.95;0.6,24;1;0.8;0.95;0.6,24;1;0.8;0.95;0.6,,24;1;0.8;0.95;0.6,24;1;0.8;0.95;0.6,,,,0,0,,,,,,,,,,0.5
205012,,24;3;0.9;1.05;0.75,24;3;0.9;1.05;0.75,24;3;0.9;1.05;0.75,,24;3;0.9;1.05;0.75,24;3;0.9;1.05;0.75,,,,0,0,,,,,,,,,,0.5
305012,,24;5;0.9;1.15;1,24;5;0.9;1.15;1,24;5;0.9;1.15;1,,24;5;0.9;1.15;1,24;5;0.9;1.15;1,,,,0,0,,,,,,,,,,0.5
105021,,,20;1;0.65;0.95;0.6,,20;1;0.65;0.95;0.6,,24;1;0.65;0.95;0.6,24;1;0.65;0.95;0.6,,,0,0,,,,,,,,,,0
205021,,,20;3;0.75;1.05;0.75,,20;3;0.75;1.05;0.75,,24;3;0.75;1.05;0.75,24;3;0.75;1.05;0.75,,,0,0,,,,,,,,,,0
305021,,,20;5;0.75;1.15;1,,20;5;0.75;1.15;1,,24;5;0.75;1.15;1,24;5;0.75;1.15;1,,,0,0,,,,,,,,,,0
105022,20;1;0.8;0.95;0.6,20;1;0.8;0.95;0.6,,20;1;0.8;0.95;0.6,,24;1;0.8;0.95;0.6,,24;1;0.8;0.95;0.6,,,0,0,,,,,,,,,,0.5
205022,20;3;0.9;1.05;0.75,20;3;0.9;1.05;0.75,,20;3;0.9;1.05;0.75,,24;3;0.9;1.05;0.75,,24;3;0.9;1.05;0.75,,,0,0,,,,,,,,,,0.5
305022,20;5;0.9;1.15;1,20;5;0.9;1.15;1,,20;5;0.9;1.15;1,,24;5;0.9;1.15;1,,24;5;0.9;1.15;1,,,0,0,,,,,,,,,,0.5
105031,,,,20;1;0.75;0.95;0.6,,20;1;0.75;0.95;0.6,24;1;0.75;0.95;0.6,,24;1;0.75;0.95;0.6,,0,0,,,,,,,,,,0
205031,,,,20;3;0.75;1.05;0.75,,20;3;0.75;1.05;0.75,24;3;0.75;1.05;0.75,,24;3;0.75;1.05;0.75,,0,0,,,,,,,,,,0
305031,,,,20;5;0.75;1.15;1,,20;5;0.75;1.15;1,24;5;0.75;1.15;1,,24;5;0.75;1.15;1,,0,0,,,,,,,,,,0
105032,20;1;0.9;0.95;0.6,,20;1;0.9;0.95;0.6,20;1;0.9;0.95;0.6,,20;1;0.9;0.95;0.6,,134;1;1.5;1.4;0.7,,8,50301,0,,,,,,,,1.5,,0.5
205032,20;3;0.9;1.05;0.75,,20;3;0.9;1.05;0.75,20;3;0.9;1.05;0.75,,20;3;0.9;1.05;0.75,,134;3;1.5;1.5;0.8,,8,0,0,,,,,,,,1.5,,0.5
305032,20;5;0.9;1.15;1,,20;5;0.9;1.15;1,20;5;0.9;1.15;1,,20;5;0.9;1.15;1,,134;5;1.5;1.5;1,,8,0,0,,,,,,,,1.5,,0.5
105041,,43;1;0.75;0.95;0.6,,24;1;0.75;0.95;0.6,20;1;0.75;0.95;0.6,,24;1;0.75;0.95;0.6,,,,0,0,,,,,,,,,,0
205041,,43;3;0.75;1.05;0.75,,24;3;0.75;1.05;0.75,20;3;0.75;1.05;0.75,,24;3;0.75;1.05;0.75,,,,0,0,,,,,,,,,,0
305041,,43;5;0.75;1.15;1,,24;5;0.75;1.15;1,20;5;0.75;1.15;1,,24;5;0.75;1.15;1,,,,0,0,,,,,,,,,,0
105042,43;1;0.9;0.95;0.6,20;1;0.9;0.95;0.6,43;1;0.9;0.95;0.6,,24;1;0.9;0.95;0.6,20;1;0.9;0.95;0.6,,,,,0,0,,,,,,,,,,0.5
205042,43;3;0.9;1.05;0.75,20;3;0.9;1.05;0.75,43;3;0.9;1.05;0.75,,24;3;0.9;1.05;0.75,20;3;0.9;1.05;0.75,,,,,0,0,,,,,,,,,,0.5
305042,43;5;0.9;1.15;1,20;5;0.9;1.15;1,43;5;0.9;1.15;1,,24;5;0.9;1.15;1,20;5;0.9;1.15;1,,,,,0,0,,,,,,,,,,0.5
105051,,,,43;1;0.75;0.95;0.6,43;1;0.75;0.95;0.6,43;1;0.75;0.95;0.6,,24;1;0.75;0.95;0.6,,,0,0,,,,,,,,,,0
205051,,,,43;3;0.75;1.05;0.75,43;3;0.75;1.05;0.75,43;3;0.75;1.05;0.75,,24;3;0.75;1.05;0.75,,,0,0,,,,,,,,,,0
305051,,,,43;5;0.75;1.15;1,43;5;0.75;1.15;1,43;5;0.75;1.15;1,,24;5;0.75;1.15;1,,,0,0,,,,,,,,,,0
105052,43;1;0.9;0.95;0.6,20;1;0.9;0.95;0.6,,43;1;0.9;0.95;0.6,,,20;1;0.9;0.95;0.6,24;1;0.9;0.95;0.6,,,0,0,,,,,,,,,,0.5
205052,43;3;0.9;1.05;0.75,20;3;0.9;1.05;0.75,,43;3;0.9;1.05;0.75,,,20;3;0.9;1.05;0.75,24;3;0.9;1.05;0.75,,,0,0,,,,,,,,,,0.5
305052,43;5;0.9;1.15;1,20;5;0.9;1.15;1,,43;5;0.9;1.15;1,,,20;5;0.9;1.15;1,24;5;0.9;1.15;1,,,0,0,,,,,,,,,,0.5
105061,,43;1;0.75;0.95;0.6,,20;1;0.75;0.95;0.6,,24;1;0.75;0.95;0.6,24;1;0.75;0.95;0.6,,,,0,0,,,,,,,,,,0
205061,,43;3;0.75;1.05;0.75,,20;3;0.75;1.05;0.75,,24;3;0.75;1.05;0.75,24;3;0.75;1.05;0.75,,,,0,0,,,,,,,,,,0
305061,,43;5;0.75;1.15;1,,20;5;0.75;1.15;1,,24;5;0.75;1.15;1,24;5;0.75;1.15;1,,,,0,0,,,,,,,,,,0
105062,43;1;0.9;0.95;0.6,,20;1;0.9;0.95;0.6,43;1;0.9;0.95;0.6,24;1;0.9;0.95;0.6,,,128;1;1.5;1.4;0.7,,8,50601,0,,,,,,,,1.5,,0.5
205062,43;3;0.9;1.05;0.75,,20;3;0.9;1.05;0.75,43;3;0.9;1.05;0.75,24;3;0.9;1.05;0.75,,,128;3;1.5;1.5;0.8,,8,0,0,,,,,,,,1.5,,0.5
305062,43;5;0.9;1.15;1,,20;5;0.9;1.15;1,43;5;0.9;1.15;1,24;5;0.9;1.15;1,,,128;5;1.5;1.5;1,,8,0,0,,,,,,,,1.5,,0.5
105071,,32;1;0.75;0.95;0.6,32;1;0.75;0.95;0.6,,32;1;0.75;0.95;0.6,,32;1;0.75;0.95;0.6,,,,0,0,,,,,,,,,,0
205071,,32;3;0.75;1.05;0.75,32;3;0.75;1.05;0.75,,32;3;0.75;1.05;0.75,,32;3;0.75;1.05;0.75,,,,0,0,,,,,,,,,,0
305071,,32;5;0.75;1.15;1,32;5;0.75;1.15;1,,32;5;0.75;1.15;1,,32;5;0.75;1.15;1,,,,0,0,,,,,,,,,,0
105072,35;1;0.9;0.95;0.6,,109;1;0.9;0.95;0.6,32;1;0.9;0.95;0.6,,32;1;0.9;0.95;0.6,,109;1;0.9;0.95;0.6,,,0,0,,,,,,,,,,0.5
205072,35;3;0.9;1.05;0.75,,109;3;0.9;1.05;0.75,32;3;0.9;1.05;0.75,,32;3;0.9;1.05;0.75,,109;3;0.9;1.05;0.75,,,0,0,,,,,,,,,,0.5
305072,35;5;0.9;1.15;1,,109;5;0.9;1.15;1,32;5;0.9;1.15;1,,32;5;0.9;1.15;1,,109;5;0.9;1.15;1,,,0,0,,,,,,,,,,0.5
105081,,35;1;0.75;0.95;0.6,,43;1;0.75;0.95;0.6,,24;1;0.75;0.95;0.6,,20;1;0.75;0.95;0.6,,,0,0,,,,,,,,,,0
205081,,35;3;0.75;1.05;0.75,,43;3;0.75;1.05;0.75,,24;3;0.75;1.05;0.75,,20;3;0.75;1.05;0.75,,,0,0,,,,,,,,,,0
305081,,35;5;0.75;1.15;1,,43;5;0.75;1.15;1,,24;5;0.75;1.15;1,,20;5;0.75;1.15;1,,,0,0,,,,,,,,,,0
105082,35;1;0.9;0.95;0.6,,35;1;0.9;0.95;0.6,,32;1;0.9;0.95;0.6,109;1;0.9;0.95;0.6,32;1;0.9;0.95;0.6,,,,0,0,,,,,,,,,,0.5
205082,35;3;0.9;1.05;0.75,,35;3;0.9;1.05;0.75,,32;3;0.9;1.05;0.75,109;3;0.9;1.05;0.75,32;3;0.9;1.05;0.75,,,,0,0,,,,,,,,,,0.5
305082,35;5;0.9;1.15;1,,35;5;0.9;1.15;1,,32;5;0.9;1.15;1,109;5;0.9;1.15;1,32;5;0.9;1.15;1,,,,0,0,,,,,,,,,,0.5
105091,,32;1;0.75;0.95;0.6,32;1;0.75;0.95;0.6,,32;1;0.75;0.95;0.6,,32;1;0.75;0.95;0.6,,,,0,0,,,,,,,,,,0
205091,,32;3;0.75;1.05;0.75,32;3;0.75;1.05;0.75,,32;3;0.75;1.05;0.75,,32;3;0.75;1.05;0.75,,,,0,0,,,,,,,,,,0
305091,,32;5;0.75;1.15;1,32;5;0.75;1.15;1,,32;5;0.75;1.15;1,,32;5;0.75;1.15;1,,,,0,0,,,,,,,,,,0
105092,35;1;0.9;0.95;0.6,,109;1;0.9;0.95;0.6,32;1;0.9;0.95;0.6,,32;1;0.9;0.95;0.6,,109;1;0.9;0.95;0.6,,,0,0,,,,,,,,,,0.5
205092,35;3;0.9;1.05;0.75,,109;3;0.9;1.05;0.75,32;3;0.9;1.05;0.75,,32;3;0.9;1.05;0.75,,109;3;0.9;1.05;0.75,,,0,0,,,,,,,,,,0.5
305092,35;5;0.9;1.15;1,,109;5;0.9;1.15;1,32;5;0.9;1.15;1,,32;5;0.9;1.15;1,,109;5;0.9;1.15;1,,,0,0,,,,,,,,,,0.5
105101,35;1;0.75;0.95;0.6,,109;1;0.75;0.95;0.6,,109;1;0.75;0.95;0.6,32;1;0.75;0.95;0.6,32;1;0.75;0.95;0.6,,,,0,0,,,,,,,,,,0
205101,35;3;0.75;1.05;0.75,,109;3;0.75;1.05;0.75,,109;3;0.75;1.05;0.75,32;3;0.75;1.05;0.75,32;3;0.75;1.05;0.75,,,,0,0,,,,,,,,,,0
305101,35;5;0.75;1.15;1,,109;5;0.75;1.15;1,,109;5;0.75;1.15;1,32;5;0.75;1.15;1,32;5;0.75;1.15;1,,,,0,0,,,,,,,,,,0
105102,35;1;0.9;0.95;0.6,,,109;1;0.9;0.95;0.6,43;1;0.9;0.95;0.6,32;1;0.9;0.95;0.6,,120;1;1.5;1.4;0.7,,8,51001,51051,,,,,,,,1.5,,0.5
205102,35;3;0.9;1.05;0.75,,,109;3;0.9;1.05;0.75,43;3;0.9;1.05;0.75,32;3;0.9;1.05;0.75,,120;3;1.5;1.5;0.8,,8,0,0,,,,,,,,1.5,,0.5
305102,35;5;0.9;1.15;1,,,109;5;0.9;1.15;1,43;5;0.9;1.15;1,32;5;0.9;1.15;1,,120;5;1.5;1.5;1,,8,0,0,,,,,,,,1.5,,0.5
106011,,35;1;0.6;0.95;0.6,,36;1;0.6;0.95;0.6,24;1;0.6;0.95;0.6,,24;1;0.6;0.95;0.6,,,,0,0,,,,,,,,,,0
206011,,35;3;0.7;1.05;0.75,,36;3;0.7;1.05;0.75,24;3;0.7;1.05;0.75,,24;3;0.7;1.05;0.75,,,,0,0,,,,,,,,,,0
306011,,35;5;0.7;1.15;1,,36;5;0.7;1.15;1,24;5;0.7;1.15;1,,24;5;0.7;1.15;1,,,,0,0,,,,,,,,,,0
106012,35;1;0.8;0.95;0.6,,37;1;0.8;0.95;0.6,24;1;0.8;0.95;0.6,,24;1;0.8;0.95;0.6,24;1;0.8;0.95;0.6,,,,0,0,,,,,,,,,,0.5
206012,35;3;0.9;1.05;0.75,,37;3;0.9;1.05;0.75,24;3;0.9;1.05;0.75,,24;3;0.9;1.05;0.75,24;3;0.9;1.05;0.75,,,,0,0,,,,,,,,,,0.5
306012,35;5;0.9;1.15;1,,37;5;0.9;1.15;1,24;5;0.9;1.15;1,,24;5;0.9;1.15;1,24;5;0.9;1.15;1,,,,0,0,,,,,,,,,,0.5
106021,35;1;0.65;0.95;0.6,,35;1;0.65;0.95;0.6,,20;1;0.65;0.95;0.6,,24;1;0.65;0.95;0.6,,,,0,0,,,,,,,,,,0
206021,35;3;0.75;1.05;0.75,,35;3;0.75;1.05;0.75,,20;3;0.75;1.05;0.75,,24;3;0.75;1.05;0.75,,,,0,0,,,,,,,,,,0
306021,35;5;0.75;1.15;1,,35;5;0.75;1.15;1,,20;5;0.75;1.15;1,,24;5;0.75;1.15;1,,,,0,0,,,,,,,,,,0
106022,,35;1;0.8;0.95;0.6,,20;1;0.8;0.95;0.6,,24;1;0.8;0.95;0.6,36;1;0.8;0.95;0.6,,36;1;0.8;0.95;0.6,,0,0,,,,,,,,,,0.5
206022,,35;3;0.9;1.05;0.75,,20;3;0.9;1.05;0.75,,24;3;0.9;1.05;0.75,36;3;0.9;1.05;0.75,,36;3;0.9;1.05;0.75,,0,0,,,,,,,,,,0.5
306022,,35;5;0.9;1.15;1,,20;5;0.9;1.15;1,,24;5;0.9;1.15;1,36;5;0.9;1.15;1,,36;5;0.9;1.15;1,,0,0,,,,,,,,,,0.5
106031,,,35;1;0.75;0.95;0.6,20;1;0.75;0.95;0.6,,20;1;0.75;0.95;0.6,24;1;0.75;0.95;0.6,,,,0,0,,,,,,,,,,0
206031,,,35;3;0.75;1.05;0.75,20;3;0.75;1.05;0.75,,20;3;0.75;1.05;0.75,24;3;0.75;1.05;0.75,,,,0,0,,,,,,,,,,0
306031,,,35;5;0.75;1.15;1,20;5;0.75;1.15;1,,20;5;0.75;1.15;1,24;5;0.75;1.15;1,,,,0,0,,,,,,,,,,0
106032,,35;1;0.9;0.95;0.6,,20;1;0.9;0.95;0.6,20;1;0.9;0.95;0.6,36;1;0.9;0.95;0.6,,112;1;1.5;1.4;0.8,,8,60301,0,,,,,,,,1.5,,0.5
206032,,35;3;0.9;1.05;0.75,,20;3;0.9;1.05;0.75,20;3;0.9;1.05;0.75,36;3;0.9;1.05;0.75,,112;3;1.5;1.5;0.9,,8,0,0,,,,,,,,1.5,,0.5
306032,,35;5;0.9;1.15;1,,20;5;0.9;1.15;1,20;5;0.9;1.15;1,36;5;0.9;1.15;1,,112;5;1.5;1.5;1,,8,0,0,,,,,,,,1.5,,0.5
106041,,37;1;0.75;0.95;0.6,,24;1;0.75;0.95;0.6,20;1;0.75;0.95;0.6,,24;1;0.75;0.95;0.6,,20;1;0.75;0.95;0.6,,0,0,,,,,,,,,,0
206041,,37;3;0.75;1.05;0.75,,24;3;0.75;1.05;0.75,20;3;0.75;1.05;0.75,,24;3;0.75;1.05;0.75,,20;3;0.75;1.05;0.75,,0,0,,,,,,,,,,0
306041,,37;5;0.75;1.15;1,,24;5;0.75;1.15;1,20;5;0.75;1.15;1,,24;5;0.75;1.15;1,,20;5;0.75;1.15;1,,0,0,,,,,,,,,,0
106042,37;1;0.9;0.95;0.6,,35;1;0.9;0.95;0.6,,24;1;0.9;0.95;0.6,20;1;0.9;0.95;0.6,109;1;0.9;0.95;0.6,,,,0,0,,,,,,,,,,0.5
206042,37;3;0.9;1.05;0.75,,35;3;0.9;1.05;0.75,,24;3;0.9;1.05;0.75,20;3;0.9;1.05;0.75,109;3;0.9;1.05;0.75,,,,0,0,,,,,,,,,,0.5
306042,37;5;0.9;1.15;1,,35;5;0.9;1.15;1,,24;5;0.9;1.15;1,20;5;0.9;1.15;1,109;5;0.9;1.15;1,,,,0,0,,,,,,,,,,0.5
106051,,35;1;0.75;0.95;0.6,,43;1;0.75;0.95;0.6,43;1;0.75;0.95;0.6,43;1;0.75;0.95;0.6,43;1;0.75;0.95;0.6,,,,0,0,,,,,,,,,,0
206051,,35;3;0.75;1.05;0.75,,43;3;0.75;1.05;0.75,43;3;0.75;1.05;0.75,43;3;0.75;1.05;0.75,43;3;0.75;1.05;0.75,,,,0,0,,,,,,,,,,0
306051,,35;5;0.75;1.15;1,,43;5;0.75;1.15;1,43;5;0.75;1.15;1,43;5;0.75;1.15;1,43;5;0.75;1.15;1,,,,0,0,,,,,,,,,,0
106052,,35;1;0.9;0.95;0.6,,43;1;0.9;0.95;0.6,,32;1;0.9;0.95;0.6,20;1;0.9;0.95;0.6,32;1;0.9;0.95;0.6,,,0,0,,,,,,,,,,0.5
206052,,35;3;0.9;1.05;0.75,,43;3;0.9;1.05;0.75,,32;3;0.9;1.05;0.75,20;3;0.9;1.05;0.75,32;3;0.9;1.05;0.75,,,0,0,,,,,,,,,,0.5
306052,,35;5;0.9;1.15;1,,43;5;0.9;1.15;1,,32;5;0.9;1.15;1,20;5;0.9;1.15;1,32;5;0.9;1.15;1,,,0,0,,,,,,,,,,0.5
106061,37;1;0.75;0.95;0.6,,,20;1;0.75;0.95;0.6,24;1;0.75;0.95;0.6,24;1;0.75;0.95;0.6,24;1;0.75;0.95;0.6,,,,0,0,,,,,,,,,,0
206061,37;3;0.75;1.05;0.75,,,20;3;0.75;1.05;0.75,24;3;0.75;1.05;0.75,24;3;0.75;1.05;0.75,24;3;0.75;1.05;0.75,,,,0,0,,,,,,,,,,0
306061,37;5;0.75;1.15;1,,,20;5;0.75;1.15;1,24;5;0.75;1.15;1,24;5;0.75;1.15;1,24;5;0.75;1.15;1,,,,0,0,,,,,,,,,,0
106062,,37;1;0.9;0.95;0.6,,,37;1;0.9;0.95;0.6,,43;1;0.9;0.95;0.6,136;1;1.5;1.4;0.8,43;1;0.9;0.95;0.6,8,60801,60851,,,,,,,,1.5,,0.5
206062,,37;3;0.9;1.05;0.75,,,37;3;0.9;1.05;0.75,,43;3;0.9;1.05;0.75,136;3;1.5;1.5;0.9,43;3;0.9;1.05;0.75,8,0,0,,,,,,,,1.5,,0.5
306062,,37;5;0.9;1.15;1,,,37;5;0.9;1.15;1,,43;5;0.9;1.15;1,136;5;1.5;1.5;1,43;5;0.9;1.15;1,8,0,0,,,,,,,,1.5,,0.5
106071,,35;1;0.75;0.95;0.6,,109;1;0.75;0.95;0.6,32;1;0.75;0.95;0.6,,32;1;0.75;0.95;0.6,,32;1;0.75;0.95;0.6,,0,0,,,,,,,,,,0
206071,,35;3;0.75;1.05;0.75,,109;3;0.75;1.05;0.75,32;3;0.75;1.05;0.75,,32;3;0.75;1.05;0.75,,32;3;0.75;1.05;0.75,,0,0,,,,,,,,,,0
306071,,35;5;0.75;1.15;1,,109;5;0.75;1.15;1,32;5;0.75;1.15;1,,32;5;0.75;1.15;1,,32;5;0.75;1.15;1,,0,0,,,,,,,,,,0
106072,,,35;1;0.9;0.95;0.6,32;1;0.9;0.95;0.6,109;1;0.9;0.95;0.6,32;1;0.9;0.95;0.6,,109;1;0.9;0.95;0.6,,,0,0,,,,,,,,,,0.5
206072,,,35;3;0.9;1.05;0.75,32;3;0.9;1.05;0.75,109;3;0.9;1.05;0.75,32;3;0.9;1.05;0.75,,109;3;0.9;1.05;0.75,,,0,0,,,,,,,,,,0.5
306072,,,35;5;0.9;1.15;1,32;5;0.9;1.15;1,109;5;0.9;1.15;1,32;5;0.9;1.15;1,,109;5;0.9;1.15;1,,,0,0,,,,,,,,,,0.5
106081,35;1;0.75;0.95;0.6,,,43;1;0.75;0.95;0.6,,24;1;0.75;0.95;0.6,24;1;0.75;0.95;0.6,24;1;0.75;0.95;0.6,,,0,0,,,,,,,,,,0
206081,35;3;0.75;1.05;0.75,,,43;3;0.75;1.05;0.75,,24;3;0.75;1.05;0.75,24;3;0.75;1.05;0.75,24;3;0.75;1.05;0.75,,,0,0,,,,,,,,,,0
306081,35;5;0.75;1.15;1,,,43;5;0.75;1.15;1,,24;5;0.75;1.15;1,24;5;0.75;1.15;1,24;5;0.75;1.15;1,,,0,0,,,,,,,,,,0
106082,,35;1;0.9;0.95;0.6,,,32;1;0.9;0.95;0.6,109;1;0.9;0.95;0.6,32;1;0.9;0.95;0.6,109;1;0.9;0.95;0.6,,,0,0,,,,,,,,,,0.5
206082,,35;3;0.9;1.05;0.75,,,32;3;0.9;1.05;0.75,109;3;0.9;1.05;0.75,32;3;0.9;1.05;0.75,109;3;0.9;1.05;0.75,,,0,0,,,,,,,,,,0.5
306082,,35;5;0.9;1.15;1,,,32;5;0.9;1.15;1,109;5;0.9;1.15;1,32;5;0.9;1.15;1,109;5;0.9;1.15;1,,,0,0,,,,,,,,,,0.5
106091,,35;1;0.75;0.95;0.6,,32;1;0.75;0.95;0.6,32;1;0.75;0.95;0.6,32;1;0.75;0.95;0.6,,36;1;0.75;0.95;0.6,,,0,0,,,,,,,,,,0
206091,,35;3;0.75;1.05;0.75,,32;3;0.75;1.05;0.75,32;3;0.75;1.05;0.75,32;3;0.75;1.05;0.75,,36;3;0.75;1.05;0.75,,,0,0,,,,,,,,,,0
306091,,35;5;0.75;1.15;1,,32;5;0.75;1.15;1,32;5;0.75;1.15;1,32;5;0.75;1.15;1,,36;5;0.75;1.15;1,,,0,0,,,,,,,,,,0
106092,35;1;0.9;0.95;0.6,,32;1;0.9;0.95;0.6,32;1;0.9;0.95;0.6,,109;1;0.9;0.95;0.6,,109;1;0.9;0.95;0.6,,,0,0,,,,,,,,,,0.5
206092,35;3;0.9;1.05;0.75,,32;3;0.9;1.05;0.75,32;3;0.9;1.05;0.75,,109;3;0.9;1.05;0.75,,109;3;0.9;1.05;0.75,,,0,0,,,,,,,,,,0.5
306092,35;5;0.9;1.15;1,,32;5;0.9;1.15;1,32;5;0.9;1.15;1,,109;5;0.9;1.15;1,,109;5;0.9;1.15;1,,,0,0,,,,,,,,,,0.5
106101,43;1;0.8;0.95;0.6,43;1;0.8;0.95;0.6,43;1;0.8;0.95;0.6,,13;1;0.8;0.95;0.6,,36;1;0.8;0.95;0.6,,,,0,0,,,,,,,,,,0
206101,43;3;0.8;1.05;0.75,43;3;0.8;1.05;0.75,43;3;0.8;1.05;0.75,,13;3;0.8;1.05;0.75,,36;3;0.8;1.05;0.75,,,,0,0,,,,,,,,,,0
306101,43;5;0.8;1.15;1,43;5;0.8;1.15;1,43;5;0.8;1.15;1,,13;5;0.8;1.15;1,,36;5;0.8;1.15;1,,,,0,0,,,,,,,,,,0
106102,,137;1;1.5;1.4;0.85,,37;1;1;0.95;0.6,,37;1;1;0.95;0.6,36;1;1;0.95;0.6,,36;1;1;0.95;0.6,2,61001,61051,,1.5,,,,,,,,0.5
206102,,137;3;1.5;1.5;0.95,,37;3;1;1.05;0.75,,37;3;1;1.05;0.75,36;3;1;1.05;0.75,,36;3;1;1.05;0.75,2,0,0,,1.5,,,,,,,,0.5
306102,,137;5;1.5;1.5;1,,37;5;1;1.15;1,,37;5;1;1.15;1,36;5;1;1.15;1,,36;5;1;1.15;1,2,0,0,,1.5,,,,,,,,0.5
107011,33;1;0.6;0.95;0.6,30;1;0.6;0.95;0.6,,30;1;0.6;0.95;0.6,,34;1;0.6;0.95;0.6,,34;1;0.6;0.95;0.6,,,0,0,,,,,,,,,,0
207011,33;3;0.7;1.05;0.75,30;3;0.7;1.05;0.75,,30;3;0.7;1.05;0.75,,34;3;0.7;1.05;0.75,,34;3;0.7;1.05;0.75,,,0,0,,,,,,,,,,0
307011,33;5;0.7;1.15;1,30;5;0.7;1.15;1,,30;5;0.7;1.15;1,,34;5;0.7;1.15;1,,34;5;0.7;1.15;1,,,0,0,,,,,,,,,,0
107012,,33;1;0.8;0.95;0.6,33;1;0.8;0.95;0.6,,,,34;1;0.8;0.95;0.6,34;1;0.8;0.95;0.6,34;1;0.8;0.95;0.6,,0,0,,,,,,,,,,0.5
207012,,33;3;0.9;1.05;0.75,33;3;0.9;1.05;0.75,,,,34;3;0.9;1.05;0.75,34;3;0.9;1.05;0.75,34;3;0.9;1.05;0.75,,0,0,,,,,,,,,,0.5
307012,,33;5;0.9;1.15;1,33;5;0.9;1.15;1,,,,34;5;0.9;1.15;1,34;5;0.9;1.15;1,34;5;0.9;1.15;1,,0,0,,,,,,,,,,0.5
107021,33;1;0.65;0.95;0.6,,33;1;0.65;0.95;0.6,29;1;0.65;0.95;0.6,29;1;0.65;0.95;0.6,29;1;0.65;0.95;0.6,,,,,0,0,,,,,,,,,,0
207021,33;3;0.75;1.05;0.75,,33;3;0.75;1.05;0.75,29;3;0.75;1.05;0.75,29;3;0.75;1.05;0.75,29;3;0.75;1.05;0.75,,,,,0,0,,,,,,,,,,0
307021,33;5;0.75;1.15;1,,33;5;0.75;1.15;1,29;5;0.75;1.15;1,29;5;0.75;1.15;1,29;5;0.75;1.15;1,,,,,0,0,,,,,,,,,,0
107022,33;1;0.8;0.95;0.6,,33;1;0.8;0.95;0.6,,34;1;0.8;0.95;0.6,,29;1;0.8;0.95;0.6,,29;1;0.8;0.95;0.6,,0,0,,,,,,,,,,0.5
207022,33;3;0.9;1.05;0.75,,33;3;0.9;1.05;0.75,,34;3;0.9;1.05;0.75,,29;3;0.9;1.05;0.75,,29;3;0.9;1.05;0.75,,0,0,,,,,,,,,,0.5
307022,33;5;0.9;1.15;1,,33;5;0.9;1.15;1,,34;5;0.9;1.15;1,,29;5;0.9;1.15;1,,29;5;0.9;1.15;1,,0,0,,,,,,,,,,0.5
107031,,33;1;0.75;0.95;0.6,,30;1;0.75;0.95;0.6,29;1;0.75;0.95;0.6,30;1;0.75;0.95;0.6,,29;1;0.75;0.95;0.6,,,0,0,,,,,,,,,,0
207031,,33;3;0.75;1.05;0.75,,30;3;0.75;1.05;0.75,29;3;0.75;1.05;0.75,30;3;0.75;1.05;0.75,,29;3;0.75;1.05;0.75,,,0,0,,,,,,,,,,0
307031,,33;5;0.75;1.15;1,,30;5;0.75;1.15;1,29;5;0.75;1.15;1,30;5;0.75;1.15;1,,29;5;0.75;1.15;1,,,0,0,,,,,,,,,,0
107032,33;1;0.9;0.95;0.6,33;1;0.9;0.95;0.6,,,,,31;1;0.9;0.95;0.6,49;1;1.5;1.4;0.85,31;1;0.9;0.95;0.6,8,70301,70351,,,,,,,,1.5,,0.5
207032,33;3;0.9;1.05;0.75,33;3;0.9;1.05;0.75,,,,,31;3;0.9;1.05;0.75,49;3;1.5;1.5;0.95,31;3;0.9;1.05;0.75,8,0,0,,,,,,,,1.5,,0.5
307032,33;5;0.9;1.15;1,33;5;0.9;1.15;1,,,,,31;5;0.9;1.15;1,49;5;1.5;1.5;1,31;5;0.9;1.15;1,8,0,0,,,,,,,,1.5,,0.5
107041,30;1;0.75;0.95;0.6,,30;1;0.75;0.95;0.6,,34;1;0.75;0.95;0.6,,8;1;0.75;0.95;0.6,8;1;0.75;0.95;0.6,,,0,0,,,,,,,,,,0
207041,30;3;0.75;1.05;0.75,,30;3;0.75;1.05;0.75,,34;3;0.75;1.05;0.75,,8;3;0.75;1.05;0.75,8;3;0.75;1.05;0.75,,,0,0,,,,,,,,,,0
307041,30;5;0.75;1.15;1,,30;5;0.75;1.15;1,,34;5;0.75;1.15;1,,8;5;0.75;1.15;1,8;5;0.75;1.15;1,,,0,0,,,,,,,,,,0
107042,33;1;0.9;0.95;0.6,33;1;0.9;0.95;0.6,,,9;1;0.9;0.95;0.6,34;1;0.9;0.95;0.6,9;1;0.9;0.95;0.6,,,,0,0,,,,,,,,,,0.5
207042,33;3;0.9;1.05;0.75,33;3;0.9;1.05;0.75,,,9;3;0.9;1.05;0.75,34;3;0.9;1.05;0.75,9;3;0.9;1.05;0.75,,,,0,0,,,,,,,,,,0.5
307042,33;5;0.9;1.15;1,33;5;0.9;1.15;1,,,9;5;0.9;1.15;1,34;5;0.9;1.15;1,9;5;0.9;1.15;1,,,,0,0,,,,,,,,,,0.5
107051,,33;1;0.75;0.95;0.6,29;1;0.75;0.95;0.6,8;1;0.75;0.95;0.6,29;1;0.75;0.95;0.6,9;1;0.75;0.95;0.6,,,,,0,0,,,,,,,,,,0
207051,,33;3;0.75;1.05;0.75,29;3;0.75;1.05;0.75,8;3;0.75;1.05;0.75,29;3;0.75;1.05;0.75,9;3;0.75;1.05;0.75,,,,,0,0,,,,,,,,,,0
307051,,33;5;0.75;1.15;1,29;5;0.75;1.15;1,8;5;0.75;1.15;1,29;5;0.75;1.15;1,9;5;0.75;1.15;1,,,,,0,0,,,,,,,,,,0
107052,,33;1;0.9;0.95;0.6,,34;1;0.9;0.95;0.6,,29;1;0.9;0.95;0.6,8;1;0.9;0.95;0.6,8;1;0.9;0.95;0.6,,,0,0,,,,,,,,,,0.5
207052,,33;3;0.9;1.05;0.75,,34;3;0.9;1.05;0.75,,29;3;0.9;1.05;0.75,8;3;0.9;1.05;0.75,8;3;0.9;1.05;0.75,,,0,0,,,,,,,,,,0.5
307052,,33;5;0.9;1.15;1,,34;5;0.9;1.15;1,,29;5;0.9;1.15;1,8;5;0.9;1.15;1,8;5;0.9;1.15;1,,,0,0,,,,,,,,,,0.5
107061,33;1;0.75;0.95;0.6,,30;1;0.75;0.95;0.6,29;1;0.75;0.95;0.6,30;1;0.75;0.95;0.6,,9;1;0.75;0.95;0.6,,,,0,0,,,,,,,,,,0
207061,33;3;0.75;1.05;0.75,,30;3;0.75;1.05;0.75,29;3;0.75;1.05;0.75,30;3;0.75;1.05;0.75,,9;3;0.75;1.05;0.75,,,,0,0,,,,,,,,,,0
307061,33;5;0.75;1.15;1,,30;5;0.75;1.15;1,29;5;0.75;1.15;1,30;5;0.75;1.15;1,,9;5;0.75;1.15;1,,,,0,0,,,,,,,,,,0
107062,33;1;0.9;0.95;0.6,,,8;1;0.9;0.95;0.6,,31;1;0.9;0.95;0.6,8;1;0.9;0.95;0.6,9;1;0.9;0.95;0.6,,,0,0,,,,,,,,,,0.5
207062,33;3;0.9;1.05;0.75,,,8;3;0.9;1.05;0.75,,31;3;0.9;1.05;0.75,8;3;0.9;1.05;0.75,9;3;0.9;1.05;0.75,,,0,0,,,,,,,,,,0.5
307062,33;5;0.9;1.15;1,,,8;5;0.9;1.15;1,,31;5;0.9;1.15;1,8;5;0.9;1.15;1,9;5;0.9;1.15;1,,,0,0,,,,,,,,,,0.5
107071,,33;1;0.75;0.95;0.6,30;1;0.75;0.95;0.6,30;1;0.75;0.95;0.6,34;1;0.75;0.95;0.6,29;1;0.75;0.95;0.6,,,,,0,0,,,,,,,,,,0
207071,,33;3;0.75;1.05;0.75,30;3;0.75;1.05;0.75,30;3;0.75;1.05;0.75,34;3;0.75;1.05;0.75,29;3;0.75;1.05;0.75,,,,,0,0,,,,,,,,,,0
307071,,33;5;0.75;1.15;1,30;5;0.75;1.15;1,30;5;0.75;1.15;1,34;5;0.75;1.15;1,29;5;0.75;1.15;1,,,,,0,0,,,,,,,,,,0
107072,33;1;0.9;0.95;0.6,,30;1;0.9;0.95;0.6,29;1;0.9;0.95;0.6,104;1;1.5;1.4;0.85,29;1;0.9;0.95;0.6,,,,5,70701,70751,,,,,1.5,,,,,0.5
207072,33;3;0.9;1.05;0.75,,30;3;0.9;1.05;0.75,29;3;0.9;1.05;0.75,104;3;1.5;1.5;0.95,29;3;0.9;1.05;0.75,,,,5,0,0,,,,,1.5,,,,,0.5
307072,33;5;0.9;1.15;1,,30;5;0.9;1.15;1,29;5;0.9;1.15;1,104;5;1.5;1.5;1,29;5;0.9;1.15;1,,,,5,0,0,,,,,1.5,,,,,0.5
107081,33;1;0.75;0.95;0.6,,33;1;0.75;0.95;0.6,,34;1;0.75;0.95;0.6,,29;1;0.75;0.95;0.6,34;1;0.75;0.95;0.6,,,0,0,,,,,,,,,,0
207081,33;3;0.75;1.05;0.75,,33;3;0.75;1.05;0.75,,34;3;0.75;1.05;0.75,,29;3;0.75;1.05;0.75,34;3;0.75;1.05;0.75,,,0,0,,,,,,,,,,0
307081,33;5;0.75;1.15;1,,33;5;0.75;1.15;1,,34;5;0.75;1.15;1,,29;5;0.75;1.15;1,34;5;0.75;1.15;1,,,0,0,,,,,,,,,,0
107082,,33;1;0.9;0.95;0.6,30;1;0.9;0.95;0.6,30;1;0.9;0.95;0.6,29;1;0.9;0.95;0.6,30;1;0.9;0.95;0.6,,,,,0,0,,,,,,,,,,0.5
207082,,33;3;0.9;1.05;0.75,30;3;0.9;1.05;0.75,30;3;0.9;1.05;0.75,29;3;0.9;1.05;0.75,30;3;0.9;1.05;0.75,,,,,0,0,,,,,,,,,,0.5
307082,,33;5;0.9;1.15;1,30;5;0.9;1.15;1,30;5;0.9;1.15;1,29;5;0.9;1.15;1,30;5;0.9;1.15;1,,,,,0,0,,,,,,,,,,0.5
107091,33;1;0.75;0.95;0.6,33;1;0.75;0.95;0.6,,,,29;1;0.75;0.95;0.6,31;1;0.75;0.95;0.6,31;1;0.75;0.95;0.6,,,0,0,,,,,,,,,,0
207091,33;3;0.75;1.05;0.75,33;3;0.75;1.05;0.75,,,,29;3;0.75;1.05;0.75,31;3;0.75;1.05;0.75,31;3;0.75;1.05;0.75,,,0,0,,,,,,,,,,0
307091,33;5;0.75;1.15;1,33;5;0.75;1.15;1,,,,29;5;0.75;1.15;1,31;5;0.75;1.15;1,31;5;0.75;1.15;1,,,0,0,,,,,,,,,,0
107092,,,30;1;0.9;0.95;0.6,,34;1;0.9;0.95;0.6,,8;1;0.9;0.95;0.6,9;1;0.9;0.95;0.6,29;1;0.9;0.95;0.6,,0,0,,,,,,,,,,0.5
207092,,,30;3;0.9;1.05;0.75,,34;3;0.9;1.05;0.75,,8;3;0.9;1.05;0.75,9;3;0.9;1.05;0.75,29;3;0.9;1.05;0.75,,0,0,,,,,,,,,,0.5
307092,,,30;5;0.9;1.15;1,,34;5;0.9;1.15;1,,8;5;0.9;1.15;1,9;5;0.9;1.15;1,29;5;0.9;1.15;1,,0,0,,,,,,,,,,0.5
107101,33;1;0.75;0.95;0.6,33;1;0.75;0.95;0.6,,,9;1;0.75;0.95;0.6,34;1;0.75;0.95;0.6,9;1;0.75;0.95;0.6,,,,0,0,,,,,,,,,,0
207101,33;3;0.75;1.05;0.75,33;3;0.75;1.05;0.75,,,9;3;0.75;1.05;0.75,34;3;0.75;1.05;0.75,9;3;0.75;1.05;0.75,,,,0,0,,,,,,,,,,0
307101,33;5;0.75;1.15;1,33;5;0.75;1.15;1,,,9;5;0.75;1.15;1,34;5;0.75;1.15;1,9;5;0.75;1.15;1,,,,0,0,,,,,,,,,,0
107102,,33;1;0.9;0.95;0.6,29;1;0.9;0.95;0.6,8;1;0.9;0.95;0.6,29;1;0.9;0.95;0.6,9;1;0.9;0.95;0.6,,,,,0,0,,,,,,,,,,0.5
207102,,33;3;0.9;1.05;0.75,29;3;0.9;1.05;0.75,8;3;0.9;1.05;0.75,29;3;0.9;1.05;0.75,9;3;0.9;1.05;0.75,,,,,0,0,,,,,,,,,,0.5
307102,,33;5;0.9;1.15;1,29;5;0.9;1.15;1,8;5;0.9;1.15;1,29;5;0.9;1.15;1,9;5;0.9;1.15;1,,,,,0,0,,,,,,,,,,0.5
107111,,33;1;0.8;0.95;0.6,,34;1;0.8;0.95;0.6,,34;1;0.8;0.95;0.6,,29;1;0.8;0.95;0.6,31;1;0.8;0.95;0.6,,0,0,,,,,,,,,,0
207111,,33;3;0.8;1.05;0.75,,34;3;0.8;1.05;0.75,,34;3;0.8;1.05;0.75,,29;3;0.8;1.05;0.75,31;3;0.8;1.05;0.75,,0,0,,,,,,,,,,0
307111,,33;5;0.8;1.15;1,,34;5;0.8;1.15;1,,34;5;0.8;1.15;1,,29;5;0.8;1.15;1,31;5;0.8;1.15;1,,0,0,,,,,,,,,,0
107112,33;1;1;0.95;0.6,,30;1;1;0.95;0.6,29;1;1;0.95;0.6,107;1;1.5;1.4;0.85,,,,31;1;1;0.95;0.6,5,71101,71151,,,,,1.5,,,,,0.5
207112,33;3;1;1.05;0.75,,30;3;1;1.05;0.75,29;3;1;1.05;0.75,107;3;1.5;1.5;0.95,,,,31;3;1;1.05;0.75,5,0,0,,,,,1.5,,,,,0.5
307112,33;5;1;1.15;1,,30;5;1;1.15;1,29;5;1;1.15;1,107;5;1.5;1.5;1,,,,31;5;1;1.15;1,5,0,0,,,,,1.5,,,,,0.5
108011,,1;1;0.6;0.95;0.6,1;1;0.6;0.95;0.6,,42;1;0.6;0.95;0.6,,117;1;0.6;0.95;0.6,117;1;0.6;0.95;0.6,,,0,0,,,,,,,,,,0
208011,,1;3;0.7;1.05;0.75,1;3;0.7;1.05;0.75,,42;3;0.7;1.05;0.75,,117;3;0.7;1.05;0.75,117;3;0.7;1.05;0.75,,,0,0,,,,,,,,,,0
308011,,1;5;0.7;1.15;1,1;5;0.7;1.15;1,,42;5;0.7;1.15;1,,117;5;0.7;1.15;1,117;5;0.7;1.15;1,,,0,0,,,,,,,,,,0
108012,,1;1;0.8;0.95;0.6,1;1;0.8;0.95;0.6,42;1;0.8;0.95;0.6,42;1;0.8;0.95;0.6,117;1;0.8;0.95;0.6,,,,,0,0,,,,,,,,,,0
208012,,1;3;0.9;1.05;0.75,1;3;0.9;1.05;0.75,42;3;0.9;1.05;0.75,42;3;0.9;1.05;0.75,117;3;0.9;1.05;0.75,,,,,0,0,,,,,,,,,,0
308012,,1;5;0.9;1.15;1,1;5;0.9;1.15;1,42;5;0.9;1.15;1,42;5;0.9;1.15;1,117;5;0.9;1.15;1,,,,,0,0,,,,,,,,,,0
108021,1;1;0.65;0.95;0.6,,1;1;0.65;0.95;0.6,,,1;1;0.65;0.95;0.6,,42;1;0.65;0.95;0.6,42;1;0.65;0.95;0.6,,0,0,,,,,,,,,,0
208021,1;3;0.75;1.05;0.75,,1;3;0.75;1.05;0.75,,,1;3;0.75;1.05;0.75,,42;3;0.75;1.05;0.75,42;3;0.75;1.05;0.75,,0,0,,,,,,,,,,0
308021,1;5;0.75;1.15;1,,1;5;0.75;1.15;1,,,1;5;0.75;1.15;1,,42;5;0.75;1.15;1,42;5;0.75;1.15;1,,0,0,,,,,,,,,,0
108022,,1;1;0.8;0.95;0.6,1;1;0.8;0.95;0.6,42;1;0.8;0.95;0.6,,42;1;0.8;0.95;0.6,,117;1;0.8;0.95;0.6,,,0,0,,,,,,,,,,0
208022,,1;3;0.9;1.05;0.75,1;3;0.9;1.05;0.75,42;3;0.9;1.05;0.75,,42;3;0.9;1.05;0.75,,117;3;0.9;1.05;0.75,,,0,0,,,,,,,,,,0
308022,,1;5;0.9;1.15;1,1;5;0.9;1.15;1,42;5;0.9;1.15;1,,42;5;0.9;1.15;1,,117;5;0.9;1.15;1,,,0,0,,,,,,,,,,0
108031,1;1;0.75;0.95;0.6,,1;1;0.75;0.95;0.6,,1;1;0.75;0.95;0.6,,117;1;0.75;0.95;0.6,42;1;0.75;0.95;0.6,,,0,0,,,,,,,,,,0
208031,1;3;0.75;1.05;0.75,,1;3;0.75;1.05;0.75,,1;3;0.75;1.05;0.75,,117;3;0.75;1.05;0.75,42;3;0.75;1.05;0.75,,,0,0,,,,,,,,,,0
308031,1;5;0.75;1.15;1,,1;5;0.75;1.15;1,,1;5;0.75;1.15;1,,117;5;0.75;1.15;1,42;5;0.75;1.15;1,,,0,0,,,,,,,,,,0
108032,,1;1;0.9;0.95;0.6,,42;1;0.9;0.95;0.6,,117;1;0.9;0.95;0.6,42;1;0.9;0.95;0.6,117;1;0.9;0.95;0.6,,,0,0,,,,,,,,,,0
208032,,1;3;0.9;1.05;0.75,,42;3;0.9;1.05;0.75,,117;3;0.9;1.05;0.75,42;3;0.9;1.05;0.75,117;3;0.9;1.05;0.75,,,0,0,,,,,,,,,,0
308032,,1;5;0.9;1.15;1,,42;5;0.9;1.15;1,,117;5;0.9;1.15;1,42;5;0.9;1.15;1,117;5;0.9;1.15;1,,,0,0,,,,,,,,,,0
108041,1;1;0.75;0.95;0.6,1;1;0.75;0.95;0.6,1;1;0.75;0.95;0.6,42;1;0.75;0.95;0.6,42;1;0.75;0.95;0.6,,,,,,0,0,,,,,,,,,,0
208041,1;3;0.75;1.05;0.75,1;3;0.75;1.05;0.75,1;3;0.75;1.05;0.75,42;3;0.75;1.05;0.75,42;3;0.75;1.05;0.75,,,,,,0,0,,,,,,,,,,0
308041,1;5;0.75;1.15;1,1;5;0.75;1.15;1,1;5;0.75;1.15;1,42;5;0.75;1.15;1,42;5;0.75;1.15;1,,,,,,0,0,,,,,,,,,,0
108042,,1;1;0.9;0.95;0.6,42;1;0.9;0.95;0.6,,,117;1;0.9;0.95;0.6,42;1;0.9;0.95;0.6,110;1;1.5;1.4;0.85,,8,80401,80451,,,,,,,,1.5,,0
208042,,1;3;0.9;1.05;0.75,42;3;0.9;1.05;0.75,,,117;3;0.9;1.05;0.75,42;3;0.9;1.05;0.75,110;3;1.5;1.5;0.95,,8,0,0,,,,,,,,1.5,,0
308042,,1;5;0.9;1.15;1,42;5;0.9;1.15;1,,,117;5;0.9;1.15;1,42;5;0.9;1.15;1,110;5;1.5;1.5;1,,8,0,0,,,,,,,,1.5,,0
108051,1;1;0.75;0.95;0.6,23;1;0.75;0.95;0.6,1;1;0.75;0.95;0.6,129;1;0.75;0.95;0.6,,125;1;0.75;0.95;0.6,,,,,0,0,,,,,,,,,,0
208051,1;3;0.75;1.05;0.75,23;3;0.75;1.05;0.75,1;3;0.75;1.05;0.75,129;3;0.75;1.05;0.75,,125;3;0.75;1.05;0.75,,,,,0,0,,,,,,,,,,0
308051,1;5;0.75;1.15;1,23;5;0.75;1.15;1,1;5;0.75;1.15;1,129;5;0.75;1.15;1,,125;5;0.75;1.15;1,,,,,0,0,,,,,,,,,,0
108052,23;1;0.9;0.95;0.6,,1;1;0.9;0.95;0.6,1;1;0.9;0.95;0.6,,117;1;0.9;0.95;0.6,,129;1;0.9;0.95;0.6,,,0,0,,,,,,,,,,0
208052,23;3;0.9;1.05;0.75,,1;3;0.9;1.05;0.75,1;3;0.9;1.05;0.75,,117;3;0.9;1.05;0.75,,129;3;0.9;1.05;0.75,,,0,0,,,,,,,,,,0
308052,23;5;0.9;1.15;1,,1;5;0.9;1.15;1,1;5;0.9;1.15;1,,117;5;0.9;1.15;1,,129;5;0.9;1.15;1,,,0,0,,,,,,,,,,0
108061,23;1;0.75;0.95;0.6,1;1;0.75;0.95;0.6,1;1;0.75;0.95;0.6,,117;1;0.75;0.95;0.6,,125;1;0.75;0.95;0.6,,,,0,0,,,,,,,,,,0
208061,23;3;0.75;1.05;0.75,1;3;0.75;1.05;0.75,1;3;0.75;1.05;0.75,,117;3;0.75;1.05;0.75,,125;3;0.75;1.05;0.75,,,,0,0,,,,,,,,,,0
308061,23;5;0.75;1.15;1,1;5;0.75;1.15;1,1;5;0.75;1.15;1,,117;5;0.75;1.15;1,,125;5;0.75;1.15;1,,,,0,0,,,,,,,,,,0
108062,,23;1;0.9;0.95;0.6,23;1;0.9;0.95;0.6,125;1;0.9;0.95;0.6,,42;1;0.9;0.95;0.6,,125;1;0.9;0.95;0.6,,,0,0,,,,,,,,,,0
208062,,23;3;0.9;1.05;0.75,23;3;0.9;1.05;0.75,125;3;0.9;1.05;0.75,,42;3;0.9;1.05;0.75,,125;3;0.9;1.05;0.75,,,0,0,,,,,,,,,,0
308062,,23;5;0.9;1.15;1,23;5;0.9;1.15;1,125;5;0.9;1.15;1,,42;5;0.9;1.15;1,,125;5;0.9;1.15;1,,,0,0,,,,,,,,,,0
108071,1;1;0.75;0.95;0.6,1;1;0.75;0.95;0.6,,42;1;0.75;0.95;0.6,,129;1;0.75;0.95;0.6,125;1;0.75;0.95;0.6,,,,0,0,,,,,,,,,,0
208071,1;3;0.75;1.05;0.75,1;3;0.75;1.05;0.75,,42;3;0.75;1.05;0.75,,129;3;0.75;1.05;0.75,125;3;0.75;1.05;0.75,,,,0,0,,,,,,,,,,0
308071,1;5;0.75;1.15;1,1;5;0.75;1.15;1,,42;5;0.75;1.15;1,,129;5;0.75;1.15;1,125;5;0.75;1.15;1,,,,0,0,,,,,,,,,,0
108072,23;1;0.9;0.95;0.6,23;1;0.9;0.95;0.6,1;1;0.9;0.95;0.6,,42;1;0.9;0.95;0.6,,42;1;0.9;0.95;0.6,,,,0,0,,,,,,,,,,0
208072,23;3;0.9;1.05;0.75,23;3;0.9;1.05;0.75,1;3;0.9;1.05;0.75,,42;3;0.9;1.05;0.75,,42;3;0.9;1.05;0.75,,,,0,0,,,,,,,,,,0
308072,23;5;0.9;1.15;1,23;5;0.9;1.15;1,1;5;0.9;1.15;1,,42;5;0.9;1.15;1,,42;5;0.9;1.15;1,,,,0,0,,,,,,,,,,0
108081,,23;1;0.75;0.95;0.6,42;1;0.75;0.95;0.6,1;1;0.75;0.95;0.6,16;1;0.75;0.95;0.6,129;1;0.75;0.95;0.6,,,,,0,0,,,,,,,,,,0
208081,,23;3;0.75;1.05;0.75,42;3;0.75;1.05;0.75,1;3;0.75;1.05;0.75,16;3;0.75;1.05;0.75,129;3;0.75;1.05;0.75,,,,,0,0,,,,,,,,,,0
308081,,23;5;0.75;1.15;1,42;5;0.75;1.15;1,1;5;0.75;1.15;1,16;5;0.75;1.15;1,129;5;0.75;1.15;1,,,,,0,0,,,,,,,,,,0
108082,1;1;0.9;0.95;0.6,,23;1;0.9;0.95;0.6,,,117;1;0.9;0.95;0.6,,27;1;1.5;1.4;0.85,125;1;0.9;0.95;0.6,8,80801,0,,,,,,,,1.5,,0
208082,1;3;0.9;1.05;0.75,,23;3;0.9;1.05;0.75,,,117;3;0.9;1.05;0.75,,27;3;1.5;1.5;0.95,125;3;0.9;1.05;0.75,8,0,0,,,,,,,,1.5,,0
308082,1;5;0.9;1.15;1,,23;5;0.9;1.15;1,,,117;5;0.9;1.15;1,,27;5;1.5;1.5;1,125;5;0.9;1.15;1,8,0,0,,,,,,,,1.5,,0
108091,1;1;0.75;0.95;0.6,23;1;0.75;0.95;0.6,1;1;0.75;0.95;0.6,,,42;1;0.75;0.95;0.6,42;1;0.75;0.95;0.6,,,,0,0,,,,,,,,,,0
208091,1;3;0.75;1.05;0.75,23;3;0.75;1.05;0.75,1;3;0.75;1.05;0.75,,,42;3;0.75;1.05;0.75,42;3;0.75;1.05;0.75,,,,0,0,,,,,,,,,,0
308091,1;5;0.75;1.15;1,23;5;0.75;1.15;1,1;5;0.75;1.15;1,,,42;5;0.75;1.15;1,42;5;0.75;1.15;1,,,,0,0,,,,,,,,,,0
108092,23;1;0.9;0.95;0.6,,1;1;0.9;0.95;0.6,,42;1;0.9;0.95;0.6,,125;1;0.9;0.95;0.6,125;1;0.9;0.95;0.6,,,0,0,,,,,,,,,,0
208092,23;3;0.9;1.05;0.75,,1;3;0.9;1.05;0.75,,42;3;0.9;1.05;0.75,,125;3;0.9;1.05;0.75,125;3;0.9;1.05;0.75,,,0,0,,,,,,,,,,0
308092,23;5;0.9;1.15;1,,1;5;0.9;1.15;1,,42;5;0.9;1.15;1,,125;5;0.9;1.15;1,125;5;0.9;1.15;1,,,0,0,,,,,,,,,,0
108101,1;1;0.75;0.95;0.6,1;1;0.75;0.95;0.6,42;1;0.75;0.95;0.6,,125;1;0.75;0.95;0.6,129;1;0.75;0.95;0.6,,,,,0,0,,,,,,,,,,0
208101,1;3;0.75;1.05;0.75,1;3;0.75;1.05;0.75,42;3;0.75;1.05;0.75,,125;3;0.75;1.05;0.75,129;3;0.75;1.05;0.75,,,,,0,0,,,,,,,,,,0
308101,1;5;0.75;1.15;1,1;5;0.75;1.15;1,42;5;0.75;1.15;1,,125;5;0.75;1.15;1,129;5;0.75;1.15;1,,,,,0,0,,,,,,,,,,0
108102,,23;1;0.9;0.95;0.6,,129;1;0.9;0.95;0.6,,102;1;0.9;0.95;0.6,125;1;0.9;0.95;0.6,102;1;0.9;0.95;0.6,,,0,0,,,,,,,,,,0
208102,,23;3;0.9;1.05;0.75,,129;3;0.9;1.05;0.75,,102;3;0.9;1.05;0.75,125;3;0.9;1.05;0.75,102;3;0.9;1.05;0.75,,,0,0,,,,,,,,,,0
308102,,23;5;0.9;1.15;1,,129;5;0.9;1.15;1,,102;5;0.9;1.15;1,125;5;0.9;1.15;1,102;5;0.9;1.15;1,,,0,0,,,,,,,,,,0
108111,,23;1;0.75;0.95;0.6,102;1;0.75;0.95;0.6,102;1;0.75;0.95;0.6,,129;1;0.75;0.95;0.6,129;1;0.75;0.95;0.6,,,,0,0,,,,,,,,,,0
208111,,23;3;0.75;1.05;0.75,102;3;0.75;1.05;0.75,102;3;0.75;1.05;0.75,,129;3;0.75;1.05;0.75,129;3;0.75;1.05;0.75,,,,0,0,,,,,,,,,,0
308111,,23;5;0.75;1.15;1,102;5;0.75;1.15;1,102;5;0.75;1.15;1,,129;5;0.75;1.15;1,129;5;0.75;1.15;1,,,,0,0,,,,,,,,,,0
108112,,23;1;0.9;0.95;0.6,,,117;1;0.9;0.95;0.6,,102;1;0.9;0.95;0.6,102;1;0.9;0.95;0.6,102;1;0.9;0.95;0.6,,0,0,,,,,,,,,,0
208112,,23;3;0.9;1.05;0.75,,,117;3;0.9;1.05;0.75,,102;3;0.9;1.05;0.75,102;3;0.9;1.05;0.75,102;3;0.9;1.05;0.75,,0,0,,,,,,,,,,0
308112,,23;5;0.9;1.15;1,,,117;5;0.9;1.15;1,,102;5;0.9;1.15;1,102;5;0.9;1.15;1,102;5;0.9;1.15;1,,0,0,,,,,,,,,,0
108121,23;1;0.8;0.95;0.6,23;1;0.8;0.95;0.6,,102;1;0.8;0.95;0.6,,,125;1;0.8;0.95;0.6,,17;1;0.8;0.95;0.6,,0,0,,,,,,,,,,0
208121,23;3;0.8;1.05;0.75,23;3;0.8;1.05;0.75,,102;3;0.8;1.05;0.75,,,125;3;0.8;1.05;0.75,,17;3;0.8;1.05;0.75,,0,0,,,,,,,,,,0
308121,23;5;0.8;1.15;1,23;5;0.8;1.15;1,,102;5;0.8;1.15;1,,,125;5;0.8;1.15;1,,17;5;0.8;1.15;1,,0,0,,,,,,,,,,0
108122,23;1;1;0.95;0.6,,23;1;1;0.95;0.6,,,129;1;1;0.95;0.6,,105;1;1.5;1.4;0.85,129;1;1;0.95;0.6,8,81201,0,,,,,,,,1.5,,0
208122,23;3;1;1.05;0.75,,23;3;1;1.05;0.75,,,129;3;1;1.05;0.75,,105;3;1.5;1.5;0.95,129;3;1;1.05;0.75,8,0,0,,,,,,,,1.5,,0
308122,23;5;1;1.15;1,,23;5;1;1.15;1,,,129;5;1;1.15;1,,105;5;1.5;1.5;1,129;5;1;1.15;1,8,0,0,,,,,,,,1.5,,0
109011,3;1;0.6;0.95;0.6,3;1;0.6;0.95;0.6,3;1;0.6;0.95;0.6,,,,30;1;0.6;0.95;0.6,,30;1;0.6;0.95;0.6,,0,0,,,,,,,,,,0
209011,3;3;0.7;1.05;0.75,3;3;0.7;1.05;0.75,3;3;0.7;1.05;0.75,,,,30;3;0.7;1.05;0.75,,30;3;0.7;1.05;0.75,,0,0,,,,,,,,,,0
309011,3;5;0.7;1.15;1,3;5;0.7;1.15;1,3;5;0.7;1.15;1,,,,30;5;0.7;1.15;1,,30;5;0.7;1.15;1,,0,0,,,,,,,,,,0
109012,3;1;0.8;0.95;0.6,33;1;0.8;0.95;0.6,30;1;0.8;0.95;0.6,,31;1;0.8;0.95;0.6,,,,103;1;0.8;0.95;0.6,,0,0,,,,,,,,,,0
209012,3;3;0.9;1.05;0.75,33;3;0.9;1.05;0.75,30;3;0.9;1.05;0.75,,31;3;0.9;1.05;0.75,,,,103;3;0.9;1.05;0.75,,0,0,,,,,,,,,,0
309012,3;5;0.9;1.15;1,33;5;0.9;1.15;1,30;5;0.9;1.15;1,,31;5;0.9;1.15;1,,,,103;5;0.9;1.15;1,,0,0,,,,,,,,,,0
109021,,3;1;0.65;0.95;0.6,34;1;0.65;0.95;0.6,112;1;0.65;0.95;0.6,,,31;1;0.65;0.95;0.6,29;1;0.65;0.95;0.6,,,0,0,,,,,,,,,,0
209021,,3;3;0.75;1.05;0.75,34;3;0.75;1.05;0.75,112;3;0.75;1.05;0.75,,,31;3;0.75;1.05;0.75,29;3;0.75;1.05;0.75,,,0,0,,,,,,,,,,0
309021,,3;5;0.75;1.15;1,34;5;0.75;1.15;1,112;5;0.75;1.15;1,,,31;5;0.75;1.15;1,29;5;0.75;1.15;1,,,0,0,,,,,,,,,,0
109022,3;1;0.8;0.95;0.6,112;1;0.8;0.95;0.6,112;1;0.8;0.95;0.6,,31;1;0.8;0.95;0.6,,103;1;0.8;0.95;0.6,,,,0,0,,,,,,,,,,0
209022,3;3;0.9;1.05;0.75,112;3;0.9;1.05;0.75,112;3;0.9;1.05;0.75,,31;3;0.9;1.05;0.75,,103;3;0.9;1.05;0.75,,,,0,0,,,,,,,,,,0
309022,3;5;0.9;1.15;1,112;5;0.9;1.15;1,112;5;0.9;1.15;1,,31;5;0.9;1.15;1,,103;5;0.9;1.15;1,,,,0,0,,,,,,,,,,0
109031,33;1;0.75;0.95;0.6,,30;1;0.75;0.95;0.6,103;1;0.75;0.95;0.6,,103;1;0.75;0.95;0.6,,,103;1;0.75;0.95;0.6,,0,0,,,,,,,,,,0
209031,33;3;0.75;1.05;0.75,,30;3;0.75;1.05;0.75,103;3;0.75;1.05;0.75,,103;3;0.75;1.05;0.75,,,103;3;0.75;1.05;0.75,,0,0,,,,,,,,,,0
309031,33;5;0.75;1.15;1,,30;5;0.75;1.15;1,103;5;0.75;1.15;1,,103;5;0.75;1.15;1,,,103;5;0.75;1.15;1,,0,0,,,,,,,,,,0
109032,3;1;0.9;0.95;0.6,,112;1;0.9;0.95;0.6,34;1;0.9;0.95;0.6,,31;1;0.9;0.95;0.6,29;1;0.9;0.95;0.6,,,,0,0,,,,,,,,,,0
209032,3;3;0.9;1.05;0.75,,112;3;0.9;1.05;0.75,34;3;0.9;1.05;0.75,,31;3;0.9;1.05;0.75,29;3;0.9;1.05;0.75,,,,0,0,,,,,,,,,,0
309032,3;5;0.9;1.15;1,,112;5;0.9;1.15;1,34;5;0.9;1.15;1,,31;5;0.9;1.15;1,29;5;0.9;1.15;1,,,,0,0,,,,,,,,,,0
109041,,3;1;0.75;0.95;0.6,69;1;0.75;0.95;0.6,,30;1;0.75;0.95;0.6,34;1;0.75;0.95;0.6,103;1;0.75;0.95;0.6,,,,0,0,,,,,,,,,,0
209041,,3;3;0.75;1.05;0.75,69;3;0.75;1.05;0.75,,30;3;0.75;1.05;0.75,34;3;0.75;1.05;0.75,103;3;0.75;1.05;0.75,,,,0,0,,,,,,,,,,0
309041,,3;5;0.75;1.15;1,69;5;0.75;1.15;1,,30;5;0.75;1.15;1,34;5;0.75;1.15;1,103;5;0.75;1.15;1,,,,0,0,,,,,,,,,,0
109042,33;1;0.9;0.95;0.6,112;1;0.9;0.95;0.6,,31;1;0.9;0.95;0.6,,,29;1;0.9;0.95;0.6,121;1;1.5;1.4;0.85,,8,90401,90451,,,,,,,,1.5,,0
209042,33;3;0.9;1.05;0.75,112;3;0.9;1.05;0.75,,31;3;0.9;1.05;0.75,,,29;3;0.9;1.05;0.75,121;3;1.5;1.5;0.95,,8,0,0,,,,,,,,1.5,,0
309042,33;5;0.9;1.15;1,112;5;0.9;1.15;1,,31;5;0.9;1.15;1,,,29;5;0.9;1.15;1,121;5;1.5;1.5;1,,8,0,0,,,,,,,,1.5,,0
109051,,30;1;0.75;0.95;0.6,3;1;0.75;0.95;0.6,30;1;0.75;0.95;0.6,,34;1;0.75;0.95;0.6,,34;1;0.75;0.95;0.6,,,0,0,,,,,,,,,,0
209051,,30;3;0.75;1.05;0.75,3;3;0.75;1.05;0.75,30;3;0.75;1.05;0.75,,34;3;0.75;1.05;0.75,,34;3;0.75;1.05;0.75,,,0,0,,,,,,,,,,0
309051,,30;5;0.75;1.15;1,3;5;0.75;1.15;1,30;5;0.75;1.15;1,,34;5;0.75;1.15;1,,34;5;0.75;1.15;1,,,0,0,,,,,,,,,,0
109052,3;1;0.9;0.95;0.6,112;1;0.9;0.95;0.6,,,31;1;0.9;0.95;0.6,,103;1;0.9;0.95;0.6,29;1;0.9;0.95;0.6,,,0,0,,,,,,,,,,0
209052,3;3;0.9;1.05;0.75,112;3;0.9;1.05;0.75,,,31;3;0.9;1.05;0.75,,103;3;0.9;1.05;0.75,29;3;0.9;1.05;0.75,,,0,0,,,,,,,,,,0
309052,3;5;0.9;1.15;1,112;5;0.9;1.15;1,,,31;5;0.9;1.15;1,,103;5;0.9;1.15;1,29;5;0.9;1.15;1,,,0,0,,,,,,,,,,0
109061,,3;1;0.75;0.95;0.6,30;1;0.75;0.95;0.6,112;1;0.75;0.95;0.6,112;1;0.75;0.95;0.6,,29;1;0.75;0.95;0.6,,,,0,0,,,,,,,,,,0
209061,,3;3;0.75;1.05;0.75,30;3;0.75;1.05;0.75,112;3;0.75;1.05;0.75,112;3;0.75;1.05;0.75,,29;3;0.75;1.05;0.75,,,,0,0,,,,,,,,,,0
309061,,3;5;0.75;1.15;1,30;5;0.75;1.15;1,112;5;0.75;1.15;1,112;5;0.75;1.15;1,,29;5;0.75;1.15;1,,,,0,0,,,,,,,,,,0
109062,33;1;0.9;0.95;0.6,,112;1;0.9;0.95;0.6,103;1;0.9;0.95;0.6,,,34;1;0.9;0.95;0.6,,103;1;0.9;0.95;0.6,,0,0,,,,,,,,,,0
209062,33;3;0.9;1.05;0.75,,112;3;0.9;1.05;0.75,103;3;0.9;1.05;0.75,,,34;3;0.9;1.05;0.75,,103;3;0.9;1.05;0.75,,0,0,,,,,,,,,,0
309062,33;5;0.9;1.15;1,,112;5;0.9;1.15;1,103;5;0.9;1.15;1,,,34;5;0.9;1.15;1,,103;5;0.9;1.15;1,,0,0,,,,,,,,,,0
109071,,112;1;0.75;0.95;0.6,3;1;0.75;0.95;0.6,,30;1;0.75;0.95;0.6,31;1;0.75;0.95;0.6,103;1;0.75;0.95;0.6,,,,0,0,,,,,,,,,,0
209071,,112;3;0.75;1.05;0.75,3;3;0.75;1.05;0.75,,30;3;0.75;1.05;0.75,31;3;0.75;1.05;0.75,103;3;0.75;1.05;0.75,,,,0,0,,,,,,,,,,0
309071,,112;5;0.75;1.15;1,3;5;0.75;1.15;1,,30;5;0.75;1.15;1,31;5;0.75;1.15;1,103;5;0.75;1.15;1,,,,0,0,,,,,,,,,,0
109072,,30;1;0.9;0.95;0.6,112;1;0.9;0.95;0.6,34;1;0.9;0.95;0.6,112;1;0.9;0.95;0.6,29;1;0.9;0.95;0.6,,,,,0,0,,,,,,,,,,0
209072,,30;3;0.9;1.05;0.75,112;3;0.9;1.05;0.75,34;3;0.9;1.05;0.75,112;3;0.9;1.05;0.75,29;3;0.9;1.05;0.75,,,,,0,0,,,,,,,,,,0
309072,,30;5;0.9;1.15;1,112;5;0.9;1.15;1,34;5;0.9;1.15;1,112;5;0.9;1.15;1,29;5;0.9;1.15;1,,,,,0,0,,,,,,,,,,0
109081,,3;1;0.75;0.95;0.6,112;1;0.75;0.95;0.6,103;1;0.75;0.95;0.6,,,31;1;0.75;0.95;0.6,,29;1;0.75;0.95;0.6,,0,0,,,,,,,,,,0
209081,,3;3;0.75;1.05;0.75,112;3;0.75;1.05;0.75,103;3;0.75;1.05;0.75,,,31;3;0.75;1.05;0.75,,29;3;0.75;1.05;0.75,,0,0,,,,,,,,,,0
309081,,3;5;0.75;1.15;1,112;5;0.75;1.15;1,103;5;0.75;1.15;1,,,31;5;0.75;1.15;1,,29;5;0.75;1.15;1,,0,0,,,,,,,,,,0
109082,3;1;0.9;0.95;0.6,33;1;0.9;0.95;0.6,,,,29;1;0.9;0.95;0.6,34;1;0.9;0.95;0.6,133;1;1.5;1.4;0.85,,8,90801,0,,,,,,,,1.5,,0
209082,3;3;0.9;1.05;0.75,33;3;0.9;1.05;0.75,,,,29;3;0.9;1.05;0.75,34;3;0.9;1.05;0.75,133;3;1.5;1.5;0.95,,8,0,0,,,,,,,,1.5,,0
309082,3;5;0.9;1.15;1,33;5;0.9;1.15;1,,,,29;5;0.9;1.15;1,34;5;0.9;1.15;1,133;5;1.5;1.5;1,,8,0,0,,,,,,,,1.5,,0
109091,33;1;0.75;0.95;0.6,112;1;0.75;0.95;0.6,103;1;0.75;0.95;0.6,,103;1;0.75;0.95;0.6,,34;1;0.75;0.95;0.6,,,,0,0,,,,,,,,,,0
209091,33;3;0.75;1.05;0.75,112;3;0.75;1.05;0.75,103;3;0.75;1.05;0.75,,103;3;0.75;1.05;0.75,,34;3;0.75;1.05;0.75,,,,0,0,,,,,,,,,,0
309091,33;5;0.75;1.15;1,112;5;0.75;1.15;1,103;5;0.75;1.15;1,,103;5;0.75;1.15;1,,34;5;0.75;1.15;1,,,,0,0,,,,,,,,,,0
109092,,33;1;0.9;0.95;0.6,,33;1;0.9;0.95;0.6,29;1;0.9;0.95;0.6,31;1;0.9;0.95;0.6,,,29;1;0.9;0.95;0.6,,0,0,,,,,,,,,,0
209092,,33;3;0.9;1.05;0.75,,33;3;0.9;1.05;0.75,29;3;0.9;1.05;0.75,31;3;0.9;1.05;0.75,,,29;3;0.9;1.05;0.75,,0,0,,,,,,,,,,0
309092,,33;5;0.9;1.15;1,,33;5;0.9;1.15;1,29;5;0.9;1.15;1,31;5;0.9;1.15;1,,,29;5;0.9;1.15;1,,0,0,,,,,,,,,,0
109101,33;1;0.75;0.95;0.6,112;1;0.75;0.95;0.6,,,,34;1;0.75;0.95;0.6,34;1;0.75;0.95;0.6,103;1;0.75;0.95;0.6,,,0,0,,,,,,,,,,0
209101,33;3;0.75;1.05;0.75,112;3;0.75;1.05;0.75,,,,34;3;0.75;1.05;0.75,34;3;0.75;1.05;0.75,103;3;0.75;1.05;0.75,,,0,0,,,,,,,,,,0
309101,33;5;0.75;1.15;1,112;5;0.75;1.15;1,,,,34;5;0.75;1.15;1,34;5;0.75;1.15;1,103;5;0.75;1.15;1,,,0,0,,,,,,,,,,0
109102,,,112;1;0.9;0.95;0.6,31;1;0.9;0.95;0.6,34;1;0.9;0.95;0.6,34;1;0.9;0.95;0.6,103;1;0.9;0.95;0.6,,,,0,0,,,,,,,,,,0
209102,,,112;3;0.9;1.05;0.75,31;3;0.9;1.05;0.75,34;3;0.9;1.05;0.75,34;3;0.9;1.05;0.75,103;3;0.9;1.05;0.75,,,,0,0,,,,,,,,,,0
309102,,,112;5;0.9;1.15;1,31;5;0.9;1.15;1,34;5;0.9;1.15;1,34;5;0.9;1.15;1,103;5;0.9;1.15;1,,,,0,0,,,,,,,,,,0
109111,,33;1;0.75;0.95;0.6,3;1;0.75;0.95;0.6,,30;1;0.75;0.95;0.6,31;1;0.75;0.95;0.6,,34;1;0.75;0.95;0.6,,,0,0,,,,,,,,,,0
209111,,33;3;0.75;1.05;0.75,3;3;0.75;1.05;0.75,,30;3;0.75;1.05;0.75,31;3;0.75;1.05;0.75,,34;3;0.75;1.05;0.75,,,0,0,,,,,,,,,,0
309111,,33;5;0.75;1.15;1,3;5;0.75;1.15;1,,30;5;0.75;1.15;1,31;5;0.75;1.15;1,,34;5;0.75;1.15;1,,,0,0,,,,,,,,,,0
109112,,3;1;0.9;0.95;0.6,112;1;0.9;0.95;0.6,34;1;0.9;0.95;0.6,,34;1;0.9;0.95;0.6,,34;1;0.9;0.95;0.6,,,0,0,,,,,,,,,,0
209112,,3;3;0.9;1.05;0.75,112;3;0.9;1.05;0.75,34;3;0.9;1.05;0.75,,34;3;0.9;1.05;0.75,,34;3;0.9;1.05;0.75,,,0,0,,,,,,,,,,0
309112,,3;5;0.9;1.15;1,112;5;0.9;1.15;1,34;5;0.9;1.15;1,,34;5;0.9;1.15;1,,34;5;0.9;1.15;1,,,0,0,,,,,,,,,,0
109121,3;1;0.8;0.95;0.6,33;1;0.8;0.95;0.6,30;1;0.8;0.95;0.6,103;1;0.8;0.95;0.6,,,103;1;0.8;0.95;0.6,,,,0,0,,,,,,,,,,0
209121,3;3;0.8;1.05;0.75,33;3;0.8;1.05;0.75,30;3;0.8;1.05;0.75,103;3;0.8;1.05;0.75,,,103;3;0.8;1.05;0.75,,,,0,0,,,,,,,,,,0
309121,3;5;0.8;1.15;1,33;5;0.8;1.15;1,30;5;0.8;1.15;1,103;5;0.8;1.15;1,,,103;5;0.8;1.15;1,,,,0,0,,,,,,,,,,0
109122,33;1;1;0.95;0.6,,33;1;1;0.95;0.6,31;1;1;0.95;0.6,,31;1;1;0.95;0.6,,130;1;1.5;1.4;0.85,,8,91201,91251,,,,,,,,1.5,,0
209122,33;3;1;1.05;0.75,,33;3;1;1.05;0.75,31;3;1;1.05;0.75,,31;3;1;1.05;0.75,,130;3;1.5;1.5;0.95,,8,0,0,,,,,,,,1.5,,0
309122,33;5;1;1.15;1,,33;5;1;1.15;1,31;5;1;1.15;1,,31;5;1;1.15;1,,130;5;1.5;1.5;1,,8,0,0,,,,,,,,1.5,,0
110011,33;1;0.6;0.95;0.6,107;1;0.6;0.95;0.6,35;1;0.6;0.95;0.6,107;1;0.6;0.95;0.6,110;1;0.6;0.95;0.6,,,,,,0,0,,,,,,,,,,0
210011,33;3;0.7;1.05;0.75,107;3;0.7;1.05;0.75,35;3;0.7;1.05;0.75,107;3;0.7;1.05;0.75,110;3;0.7;1.05;0.75,,,,,,0,0,,,,,,,,,,0
310011,33;5;0.7;1.15;1,107;5;0.7;1.15;1,35;5;0.7;1.15;1,107;5;0.7;1.15;1,110;5;0.7;1.15;1,,,,,,0,0,,,,,,,,,,0
110012,,,33;1;0.8;0.95;0.6,,124;1;0.8;0.95;0.6,110;1;0.8;0.95;0.6,122;1;0.8;0.95;0.6,,122;1;0.8;0.95;0.6,,0,0,,,,,,,,,,0
210012,,,33;3;0.9;1.05;0.75,,124;3;0.9;1.05;0.75,110;3;0.9;1.05;0.75,122;3;0.9;1.05;0.75,,122;3;0.9;1.05;0.75,,0,0,,,,,,,,,,0
310012,,,33;5;0.9;1.15;1,,124;5;0.9;1.15;1,110;5;0.9;1.15;1,122;5;0.9;1.15;1,,122;5;0.9;1.15;1,,0,0,,,,,,,,,,0
110021,35;1;0.65;0.95;0.6,107;1;0.65;0.95;0.6,,,107;1;0.65;0.95;0.6,,136;1;0.65;0.95;0.6,124;1;0.65;0.95;0.6,,,0,0,,,,,,,,,,0
210021,35;3;0.75;1.05;0.75,107;3;0.75;1.05;0.75,,,107;3;0.75;1.05;0.75,,136;3;0.75;1.05;0.75,124;3;0.75;1.05;0.75,,,0,0,,,,,,,,,,0
310021,35;5;0.75;1.15;1,107;5;0.75;1.15;1,,,107;5;0.75;1.15;1,,136;5;0.75;1.15;1,124;5;0.75;1.15;1,,,0,0,,,,,,,,,,0
110022,,,107;1;0.8;0.95;0.6,110;1;0.8;0.95;0.6,,110;1;0.8;0.95;0.6,122;1;0.8;0.95;0.6,,136;1;0.8;0.95;0.6,,0,0,,,,,,,,,,0
210022,,,107;3;0.9;1.05;0.75,110;3;0.9;1.05;0.75,,110;3;0.9;1.05;0.75,122;3;0.9;1.05;0.75,,136;3;0.9;1.05;0.75,,0,0,,,,,,,,,,0
310022,,,107;5;0.9;1.15;1,110;5;0.9;1.15;1,,110;5;0.9;1.15;1,122;5;0.9;1.15;1,,136;5;0.9;1.15;1,,0,0,,,,,,,,,,0
110031,35;1;0.75;0.95;0.6,107;1;0.75;0.95;0.6,124;1;0.75;0.95;0.6,,110;1;0.75;0.95;0.6,,,,122;1;0.75;0.95;0.6,,0,0,,,,,,,,,,0
210031,35;3;0.75;1.05;0.75,107;3;0.75;1.05;0.75,124;3;0.75;1.05;0.75,,110;3;0.75;1.05;0.75,,,,122;3;0.75;1.05;0.75,,0,0,,,,,,,,,,0
310031,35;5;0.75;1.15;1,107;5;0.75;1.15;1,124;5;0.75;1.15;1,,110;5;0.75;1.15;1,,,,122;5;0.75;1.15;1,,0,0,,,,,,,,,,0
110032,,35;1;0.9;0.95;0.6,33;1;0.9;0.95;0.6,107;1;0.9;0.95;0.6,,110;1;0.9;0.95;0.6,136;1;0.9;0.95;0.6,,,,0,0,,,,,,,,,,0
210032,,35;3;0.9;1.05;0.75,33;3;0.9;1.05;0.75,107;3;0.9;1.05;0.75,,110;3;0.9;1.05;0.75,136;3;0.9;1.05;0.75,,,,0,0,,,,,,,,,,0
310032,,35;5;0.9;1.15;1,33;5;0.9;1.15;1,107;5;0.9;1.15;1,,110;5;0.9;1.15;1,136;5;0.9;1.15;1,,,,0,0,,,,,,,,,,0
110041,35;1;0.75;0.95;0.6,107;1;0.75;0.95;0.6,,124;1;0.75;0.95;0.6,,136;1;0.75;0.95;0.6,124;1;0.75;0.95;0.6,,,,0,0,,,,,,,,,,0
210041,35;3;0.75;1.05;0.75,107;3;0.75;1.05;0.75,,124;3;0.75;1.05;0.75,,136;3;0.75;1.05;0.75,124;3;0.75;1.05;0.75,,,,0,0,,,,,,,,,,0
310041,35;5;0.75;1.15;1,107;5;0.75;1.15;1,,124;5;0.75;1.15;1,,136;5;0.75;1.15;1,124;5;0.75;1.15;1,,,,0,0,,,,,,,,,,0
110042,33;1;0.9;0.95;0.6,,35;1;0.9;0.95;0.6,,110;1;0.9;0.95;0.6,,122;1;0.9;0.95;0.6,140;1;1.5;1.4;0.85,,8,100401,0,,,,,,,,1.5,,0
210042,33;3;0.9;1.05;0.75,,35;3;0.9;1.05;0.75,,110;3;0.9;1.05;0.75,,122;3;0.9;1.05;0.75,140;3;1.5;1.5;0.95,,8,0,0,,,,,,,,1.5,,0
310042,33;5;0.9;1.15;1,,35;5;0.9;1.15;1,,110;5;0.9;1.15;1,,122;5;0.9;1.15;1,140;5;1.5;1.5;1,,8,0,0,,,,,,,,1.5,,0
110051,33;1;0.75;0.95;0.6,,107;1;0.75;0.95;0.6,107;1;0.75;0.95;0.6,,,,122;1;0.75;0.95;0.6,136;1;0.75;0.95;0.6,,0,0,,,,,,,,,,0
210051,33;3;0.75;1.05;0.75,,107;3;0.75;1.05;0.75,107;3;0.75;1.05;0.75,,,,122;3;0.75;1.05;0.75,136;3;0.75;1.05;0.75,,0,0,,,,,,,,,,0
310051,33;5;0.75;1.15;1,,107;5;0.75;1.15;1,107;5;0.75;1.15;1,,,,122;5;0.75;1.15;1,136;5;0.75;1.15;1,,0,0,,,,,,,,,,0
110052,33;1;0.9;0.95;0.6,35;1;0.9;0.95;0.6,35;1;0.9;0.95;0.6,,,110;1;0.9;0.95;0.6,,136;1;0.9;0.95;0.6,,,0,0,,,,,,,,,,0
210052,33;3;0.9;1.05;0.75,35;3;0.9;1.05;0.75,35;3;0.9;1.05;0.75,,,110;3;0.9;1.05;0.75,,136;3;0.9;1.05;0.75,,,0,0,,,,,,,,,,0
310052,33;5;0.9;1.15;1,35;5;0.9;1.15;1,35;5;0.9;1.15;1,,,110;5;0.9;1.15;1,,136;5;0.9;1.15;1,,,0,0,,,,,,,,,,0
110061,35;1;0.75;0.95;0.6,35;1;0.75;0.95;0.6,,124;1;0.75;0.95;0.6,,,136;1;0.75;0.95;0.6,138;1;0.75;0.95;0.6,,,0,0,,,,,,,,,,0
210061,35;3;0.75;1.05;0.75,35;3;0.75;1.05;0.75,,124;3;0.75;1.05;0.75,,,136;3;0.75;1.05;0.75,138;3;0.75;1.05;0.75,,,0,0,,,,,,,,,,0
310061,35;5;0.75;1.15;1,35;5;0.75;1.15;1,,124;5;0.75;1.15;1,,,136;5;0.75;1.15;1,138;5;0.75;1.15;1,,,0,0,,,,,,,,,,0
110062,,35;1;0.9;0.95;0.6,,110;1;0.9;0.95;0.6,107;1;0.9;0.95;0.6,136;1;0.9;0.95;0.6,122;1;0.9;0.95;0.6,,,,0,0,,,,,,,,,,0
210062,,35;3;0.9;1.05;0.75,,110;3;0.9;1.05;0.75,107;3;0.9;1.05;0.75,136;3;0.9;1.05;0.75,122;3;0.9;1.05;0.75,,,,0,0,,,,,,,,,,0
310062,,35;5;0.9;1.15;1,,110;5;0.9;1.15;1,107;5;0.9;1.15;1,136;5;0.9;1.15;1,122;5;0.9;1.15;1,,,,0,0,,,,,,,,,,0
110071,33;1;0.75;0.95;0.6,,124;1;0.75;0.95;0.6,,107;1;0.75;0.95;0.6,124;1;0.75;0.95;0.6,,136;1;0.75;0.95;0.6,,,0,0,,,,,,,,,,0
210071,33;3;0.75;1.05;0.75,,124;3;0.75;1.05;0.75,,107;3;0.75;1.05;0.75,124;3;0.75;1.05;0.75,,136;3;0.75;1.05;0.75,,,0,0,,,,,,,,,,0
310071,33;5;0.75;1.15;1,,124;5;0.75;1.15;1,,107;5;0.75;1.15;1,124;5;0.75;1.15;1,,136;5;0.75;1.15;1,,,0,0,,,,,,,,,,0
110072,33;1;0.9;0.95;0.6,107;1;0.9;0.95;0.6,,,,136;1;0.9;0.95;0.6,,136;1;0.9;0.95;0.6,122;1;0.9;0.95;0.6,,0,0,,,,,,,,,,0
210072,33;3;0.9;1.05;0.75,107;3;0.9;1.05;0.75,,,,136;3;0.9;1.05;0.75,,136;3;0.9;1.05;0.75,122;3;0.9;1.05;0.75,,0,0,,,,,,,,,,0
310072,33;5;0.9;1.15;1,107;5;0.9;1.15;1,,,,136;5;0.9;1.15;1,,136;5;0.9;1.15;1,122;5;0.9;1.15;1,,0,0,,,,,,,,,,0
110081,,33;1;0.75;0.95;0.6,107;1;0.75;0.95;0.6,13;1;0.75;0.95;0.6,124;1;0.75;0.95;0.6,,122;1;0.75;0.95;0.6,,,,0,0,,,,,,,,,,0
210081,,33;3;0.75;1.05;0.75,107;3;0.75;1.05;0.75,13;3;0.75;1.05;0.75,124;3;0.75;1.05;0.75,,122;3;0.75;1.05;0.75,,,,0,0,,,,,,,,,,0
310081,,33;5;0.75;1.15;1,107;5;0.75;1.15;1,13;5;0.75;1.15;1,124;5;0.75;1.15;1,,122;5;0.75;1.15;1,,,,0,0,,,,,,,,,,0
110082,35;1;0.9;0.95;0.6,35;1;0.9;0.95;0.6,35;1;0.9;0.95;0.6,,138;1;0.9;0.95;0.6,,,139;1;1.5;1.4;0.85,,8,100801,0,,,,,,,,1.5,,0
210082,35;3;0.9;1.05;0.75,35;3;0.9;1.05;0.75,35;3;0.9;1.05;0.75,,138;3;0.9;1.05;0.75,,,139;3;1.5;1.5;0.95,,8,0,0,,,,,,,,1.5,,0
310082,35;5;0.9;1.15;1,35;5;0.9;1.15;1,35;5;0.9;1.15;1,,138;5;0.9;1.15;1,,,139;5;1.5;1.5;1,,8,0,0,,,,,,,,1.5,,0
110091,,35;1;0.75;0.95;0.6,33;1;0.75;0.95;0.6,107;1;0.75;0.95;0.6,110;1;0.75;0.95;0.6,,,,122;1;0.75;0.95;0.6,,0,0,,,,,,,,,,0
210091,,35;3;0.75;1.05;0.75,33;3;0.75;1.05;0.75,107;3;0.75;1.05;0.75,110;3;0.75;1.05;0.75,,,,122;3;0.75;1.05;0.75,,0,0,,,,,,,,,,0
310091,,35;5;0.75;1.15;1,33;5;0.75;1.15;1,107;5;0.75;1.15;1,110;5;0.75;1.15;1,,,,122;5;0.75;1.15;1,,0,0,,,,,,,,,,0
110092,,107;1;0.9;0.95;0.6,124;1;0.9;0.95;0.6,,,110;1;0.9;0.95;0.6,122;1;0.9;0.95;0.6,,136;1;0.9;0.95;0.6,,0,0,,,,,,,,,,0
210092,,107;3;0.9;1.05;0.75,124;3;0.9;1.05;0.75,,,110;3;0.9;1.05;0.75,122;3;0.9;1.05;0.75,,136;3;0.9;1.05;0.75,,0,0,,,,,,,,,,0
310092,,107;5;0.9;1.15;1,124;5;0.9;1.15;1,,,110;5;0.9;1.15;1,122;5;0.9;1.15;1,,136;5;0.9;1.15;1,,0,0,,,,,,,,,,0
110101,,35;1;0.75;0.95;0.6,,110;1;0.75;0.95;0.6,138;1;0.75;0.95;0.6,,138;1;0.75;0.95;0.6,136;1;0.75;0.95;0.6,,,0,0,,,,,,,,,,0
210101,,35;3;0.75;1.05;0.75,,110;3;0.75;1.05;0.75,138;3;0.75;1.05;0.75,,138;3;0.75;1.05;0.75,136;3;0.75;1.05;0.75,,,0,0,,,,,,,,,,0
310101,,35;5;0.75;1.15;1,,110;5;0.75;1.15;1,138;5;0.75;1.15;1,,138;5;0.75;1.15;1,136;5;0.75;1.15;1,,,0,0,,,,,,,,,,0
110102,33;1;0.9;0.95;0.6,33;1;0.9;0.95;0.6,107;1;0.9;0.95;0.6,,138;1;0.9;0.95;0.6,136;1;0.9;0.95;0.6,,,,,0,0,,,,,,,,,,0
210102,33;3;0.9;1.05;0.75,33;3;0.9;1.05;0.75,107;3;0.9;1.05;0.75,,138;3;0.9;1.05;0.75,136;3;0.9;1.05;0.75,,,,,0,0,,,,,,,,,,0
310102,33;5;0.9;1.15;1,33;5;0.9;1.15;1,107;5;0.9;1.15;1,,138;5;0.9;1.15;1,136;5;0.9;1.15;1,,,,,0,0,,,,,,,,,,0
110111,,107;1;0.75;0.95;0.6,,124;1;0.75;0.95;0.6,136;1;0.75;0.95;0.6,,122;1;0.75;0.95;0.6,122;1;0.75;0.95;0.6,,,0,0,,,,,,,,,,0
210111,,107;3;0.75;1.05;0.75,,124;3;0.75;1.05;0.75,136;3;0.75;1.05;0.75,,122;3;0.75;1.05;0.75,122;3;0.75;1.05;0.75,,,0,0,,,,,,,,,,0
310111,,107;5;0.75;1.15;1,,124;5;0.75;1.15;1,136;5;0.75;1.15;1,,122;5;0.75;1.15;1,122;5;0.75;1.15;1,,,0,0,,,,,,,,,,0
110112,,33;1;0.9;0.95;0.6,35;1;0.9;0.95;0.6,107;1;0.9;0.95;0.6,110;1;0.9;0.95;0.6,122;1;0.9;0.95;0.6,,,,,0,0,,,,,,,,,,0
210112,,33;3;0.9;1.05;0.75,35;3;0.9;1.05;0.75,107;3;0.9;1.05;0.75,110;3;0.9;1.05;0.75,122;3;0.9;1.05;0.75,,,,,0,0,,,,,,,,,,0
310112,,33;5;0.9;1.15;1,35;5;0.9;1.15;1,107;5;0.9;1.15;1,110;5;0.9;1.15;1,122;5;0.9;1.15;1,,,,,0,0,,,,,,,,,,0
110121,33;1;0.8;0.95;0.6,,33;1;0.8;0.95;0.6,138;1;0.8;0.95;0.6,,,138;1;0.8;0.95;0.6,,124;1;0.8;0.95;0.6,,0,0,,,,,,,,,,0
210121,33;3;0.8;1.05;0.75,,33;3;0.8;1.05;0.75,138;3;0.8;1.05;0.75,,,138;3;0.8;1.05;0.75,,124;3;0.8;1.05;0.75,,0,0,,,,,,,,,,0
310121,33;5;0.8;1.15;1,,33;5;0.8;1.15;1,138;5;0.8;1.15;1,,,138;5;0.8;1.15;1,,124;5;0.8;1.15;1,,0,0,,,,,,,,,,0
110122,35;1;1;0.95;0.6,,,,131;1;1.5;1.4;0.85,,110;1;1;0.95;0.6,122;1;1;0.95;0.6,107;1;1;0.95;0.6,5,101201,101251,,,,,1.5,,,,,0
210122,35;3;1;1.05;0.75,,,,131;3;1.5;1.5;0.95,,110;3;1;1.05;0.75,122;3;1;1.05;0.75,107;3;1;1.05;0.75,5,0,0,,,,,1.5,,,,,0
310122,35;5;1;1.15;1,,,,131;5;1.5;1.5;1,,110;5;1;1.15;1,122;5;1;1.15;1,107;5;1;1.15;1,5,0,0,,,,,1.5,,,,,0
400511,,100011;1;1.05;1.05;1.05,100033;2;1.05;1.05;1.05,,100035;2;1.05;1.05;1.05,100108;2;1.05;1.05;1.05,,,,,0,0,,,,,,,,,,0
400521,100033;3;1.1;1.1;1.1,,,100035;2;1.1;1.1;1.1,100109;3;1.1;1.1;1.1,,100108;2;1.1;1.1;1.1,,,,0,0,,,,,,,,,,0
400531,,,100035;3;1.1;1.1;1.1,100108;2;1.1;1.1;1.1,100109;4;1.1;1.1;1.1,,,,100011;4;1.1;1.1;1.1,,0,0,,,,,,,,,,0
400541,,,100011;5;1.2;1.2;1.2,100033;3;1.2;1.2;1.2,,100108;6;1.2;1.2;1.2,100109;2;1.2;1.2;1.2,,,,0,0,,,,,,,,,,0
400611,,,100013;2;1.05;1.05;1.05,,,100029;1;1.05;1.05;1.05,,,100030;2;1.05;1.05;1.05,,0,0,,,,,,,,,,0
400621,100029;2;1.1;1.1;1.1,,100030;3;1.1;1.1;1.1,,,100031;3;1.1;1.1;1.1,,,,,0,0,,,,,,,,,,0
400631,,,100030;4;1.15;1.15;1.15,,,,100031;4;1.15;1.15;1.15,,100036;3;1.15;1.15;1.15,,0,0,,,,,,,,,,0
400641,,,100031;6;1.25;1.25;1.25,,,,100036;3;1.25;1.25;1.25,,100013;5;1.25;1.25;1.25,,0,0,,,,,,,,,,0
400711,,,,,58;3;10;0.1;0,,,,,,0,0,,,,,,,,,,0
400721,,,,,58;4;12;0.1;0,,,,,,0,0,,,,,,,,,,0
400731,,,,,58;5;14;0.1;0,,,,,,0,0,,,,,,,,,,0
400741,,,,,58;6;16;0.1;0,,,,,,0,0,,,,,,,,,,0
400811,,100060;1;0.65;0.25;1,,100060;1;0.65;0.25;1,100060;1;0.65;0.25;1,100060;1;0.65;0.25;1,,100060;1;0.65;0.25;1,,,0,0,,,,,,,,,,0
400821,,100060;2;0.65;0.25;1,,100060;2;0.65;0.25;1,100060;2;0.65;0.25;1,100060;2;0.65;0.25;1,,100060;2;0.65;0.25;1,,,0,0,,,,,,,,,,0
400831,,100060;3;0.65;0.25;1,,100060;3;0.65;0.25;1,100060;3;0.65;0.25;1,100060;3;0.65;0.25;1,,100060;3;0.65;0.25;1,,,0,0,,,,,,,,,,0
400841,,100060;3;0.65;0.25;1,,100060;3;0.65;0.25;1,100060;3;0.65;0.25;1,100060;3;0.65;0.25;1,,100060;3;0.65;0.25;1,,,0,0,,,,,,,,,,0
400911,,137;4;1.1;0.5;1,,100017;2;0.5;50;1,,100017;2;0.5;50;1,100017;2;0.5;50;1,,100017;2;0.5;50;1,,0,0,,,,,,,,,,0
400921,,137;5;1.1;0.5;1,,100017;3;0.5;50;1,,100017;3;0.5;50;1,100017;3;0.5;50;1,,100017;3;0.5;50;1,,0,0,,,,,,,,,,0
400931,,137;5;1.1;0.5;1,,100017;3;0.5;50;1,,100017;3;0.5;50;1,100017;3;0.5;50;1,,100017;3;0.5;50;1,,0,0,,,,,,,,,,0
400941,,137;6;1.1;0.5;1,,100017;4;0.5;50;1,,100017;4;0.5;50;1,100017;4;0.5;50;1,,100017;4;0.5;50;1,,0,0,,,,,,,,,,0
401011,,,,,,,,103;4;1.15;1.15;1.15,,,0,0,,,,,,,,,,0
401021,,,,,,,,103;5;1.2;1.2;1.2,,,0,0,,,,,,,,,,0
401031,,,,,,,,103;5;1.2;1.2;1.2,,,0,0,,,,,,,,,,0
401041,,,,,,,,103;6;1.25;1.25;1.25,,,0,0,,,,,,,,,,0
401111,,,,,,,,49;4;3;0.5;1,,,0,0,,,,,,,,,,0
401121,,,,,,,,49;5;3;0.5;1,,,0,0,,,,,,,,,,0
401131,,,,,,,,49;5;3;0.5;1,,,0,0,,,,,,,,,,0
401141,,,,,,,,49;6;3;0.5;1,,,0,0,,,,,,,,,,0
401201,,,,,51;5;7.8;2;0.85,,,,,,0,0,,,,,,,,,,0
401202,,,,,53;6;9;2;1,,,,,,0,0,,,,,,,,,,0
401203,,,,,50;5;7.8;2;0.85,,,,,,0,0,,,,,,,,,,0
401204,,,,,53;6;9;2;1,,,,,,0,0,,,,,,,,,,0
500011,,10;1;1;1;1,,,20;1;1;1;1,31;1;1;1;1,12;1;1;1;1,,,,0,0,,,,,,,,,,0
500021,10;1;1;1;1,,,,15;1;1;1;1,,37;1;1;1;1,14;1;1;1;1,,,0,0,,,,,,,,,,0
500031,66;1;1;1;1,,69;1;1;1;1,,63;1;1;1;1,,,8;1;1;1;1,65;1;1;1;1,,0,0,,,,,,,,,,0
500041,66;1;1;1;1,,63;1;1;1;1,,,29;1;1;1;1,9;1;1;1;1,,,,0,0,,,,,,,,,,0
500051,,10;1;1;1;1,9;1;1;1;1,,66;1;1;1;1,,,,14;1;1;1;1,,0,0,,,,,,,,,,0
500061,98;1;0.5;0.8;1,98;1;0.5;0.8;1,98;1;0.5;0.8;1,98;1;0.5;0.8;1,98;1;0.5;0.8;1,98;1;0.5;0.8;1,98;1;0.5;0.8;1,98;1;0.5;0.8;1,98;1;0.5;0.8;1,,0,0,,,,,,,,,,0
500071,31;1;1;1;1,,15;1;1;1;1,,,8;1;1;1;1,,65;1;1;1;1,,,0,0,,,,,,,,,,0
500081,,,36;1;1;1;1,12;1;1;1;1,,12;1;1;1;1,,,29;1;1;1;1,,0,0,,,,,,,,,,0
500091,,,66;1;1;1;1,10;1;1;1;1,,9;1;1;1;1,29;1;1;1;1,,,,0,0,,,,,,,,,,0
500101,29;1;1;1;1,5;1;1;1;1,,,117;1;1;1;1,29;1;1;1;1,,129;1;1.6;1.2;1,,,0,0,,,,,,,,,,0
500111,,,14;1;1;1;1,31;1;1;1;1,,,,12;1;1;1;1,29;1;1;1;1,,0,0,,,,,,,,,,0
500121,12;1;1;1;1,,,10;1;1;1;1,,8;1;1;1;1,31;1;1;1;1,,,,0,0,,,,,,,,,,0
500131,29;1;1;1;1,,,,66;1;1;1;1,,,29;1;1;1;1,36;1;1;1;1,,0,0,,,,,,,,,,0
500141,,,66;1;1;1;1,12;1;1;1;1,5;1;1;1;1,,36;1;1;1;1,,,,0,0,,,,,,,,,,0
500151,,31;1;1;1;1,11;1;1;1;1,,29;1;1;1;1,29;1;1;1;1,,16;1;1;1;1,,,0,0,,,,,,,,,,0
500161,1;1;0.5;0.8;1,1;1;0.5;0.8;1,1;1;0.5;0.8;1,1;1;0.5;0.8;1,1;1;0.5;0.8;1,1;1;0.5;0.8;1,1;1;0.5;0.8;1,1;1;0.5;0.8;1,1;1;0.5;0.8;1,,0,0,,,,,,,,,,0
500171,10;1;1;1;1,,,12;1;1;1;1,65;1;1;1;1,14;1;1;1;1,,29;1;1;1;1,,,0,0,,,,,,,,,,0
500181,,1;1;1;1;1,,,66;1;1;1;1,9;1;1;1;1,10;1;1;1;1,36;1;1;1;1,,,0,0,,,,,,,,,,0
500191,29;1;1;1;1,10;1;1;1;1,37;1;1;1;1,,29;1;1;1;1,,,24;1;1;1;1,,,0,0,,,,,,,,,,0
500201,66;1;1;1;1,8;1;1;1;1,,,65;1;1;1;1,,117;1;1;1;1,14;1;1.6;1.2;1,,,0,0,,,,,,,,,,0
500211,,29;1;1;1;1,,8;1;1;1;1,13;1;1;1;1,,11;1;1;1;1,,13;1;1;1;1,,0,0,,,,,,,,,,0
500221,13;1;1;1;1,65;1;1;1;1,,8;1;1;1;1,65;1;1;1;1,,14;1;1;1;1,,,,0,0,,,,,,,,,,0
500231,66;1;1;1;1,8;1;1;1;1,65;1;1;1;1,,,37;1;1;1;1,,,66;1;1;1;1,,0,0,,,,,,,,,,0
500241,66;1;1;1;1,,36;1;1;1;1,36;1;1;1;1,,,29;1;1;1;1,8;1;1;1;1,,,0,0,,,,,,,,,,0
500251,14;1;1;1;1,34;2;1;1;1,5;1;1;1;1,36;1;1;1;1,66;1;1;1;1,,,,,,0,0,,,,,,,,,,0
500261,15;1;0.5;0.8;1,15;1;0.5;0.8;1,15;1;0.5;0.8;1,15;1;0.5;0.8;1,15;1;0.5;0.8;1,15;1;0.5;0.8;1,15;1;0.5;0.8;1,15;1;0.5;0.8;1,15;1;0.5;0.8;1,,0,0,,,,,,,,,,0
500271,,,14;2;1;1;1,,,36;1;1;1;1,29;1;1;1;1,10;1;1;1;1,5;1;1;1;1,,0,0,,,,,,,,,,0
500281,12;1;1;1;1,,,29;1;1;1;1,36;1;1;1;1,65;1;1;1;1,,,11;2;1;1;1,,0,0,,,,,,,,,,0
500291,,65;1;1;1;1,,36;1;1;1;1,9;2;1;1;1,65;1;1;1;1,,,34;1;1;1;1,,0,0,,,,,,,,,,0
500301,37;1;1;1;1,5;1;1;1;1,11;1;1;1;1,36;2;1;1;1,146;2;1.6;1.2;1,,,,,,0,0,,,,,,,,,,0
500311,,,,66;1;1;1;1,11;1;1;1;1,,34;2;1;1;1,34;2;1;1;1,31;1;1;1;1,,0,0,,,,,,,,,,0
500321,,34;2;1;1;1,,14;1;1;1;1,12;2;1;1;1,,65;1;1;1;1,,9;1;1;1;1,,0,0,,,,,,,,,,0
500331,,,13;2;1;1;1,36;1;1;1;1,14;1;1;1;1,34;2;1;1;1,,31;1;1;1;1,,,0,0,,,,,,,,,,0
500341,,,11;2;1;1;1,11;2;1;1;1,65;1;1;1;1,,34;1;1;1;1,34;1;1;1;1,,,0,0,,,,,,,,,,0
500351,,37;2;1;1;1,,,5;1;1;1;1,8;2;1;1;1,10;2;1;1;1,13;1;1;1;1,,,0,0,,,,,,,,,,0
500361,20;1;0.5;0.8;1,20;1;0.5;0.8;1,20;1;0.5;0.8;1,20;1;0.5;0.8;1,20;1;0.5;0.8;1,20;1;0.5;0.8;1,20;1;0.5;0.8;1,20;1;0.5;0.8;1,20;1;0.5;0.8;1,,0,0,,,,,,,,,,0
500371,36;2;1;1;1,12;1;1;1;1,,66;2;1;1;1,,,,37;1;1;1;1,5;2;1;1;1,,0,0,,,,,,,,,,0
500381,65;2;1;1;1,29;1;1;1;1,,,8;1;1;1;1,29;2;1;1;1,12;2;1;1;1,,,,0,0,,,,,,,,,,0
500391,,13;1;1;1;1,,66;2;1;1;1,29;1;1;1;1,,34;2;1;1;1,,5;2;1;1;1,,0,0,,,,,,,,,,0
500401,37;2;1;1;1,,11;2;1;1;1,119;2;1.6;1.2;1,,5;2;1;1;1,29;1;1;1;1,,,,0,0,,,,,,,,,,0
500411,,,34;2;1;1;1,36;2;1;1;1,,,14;2;1;1;1,34;2;1;1;1,31;1;1;1;1,,0,0,,,,,,,,,,0
500421,10;2;1;1;1,31;2;1;1;1,,12;1;1;1;1,,34;2;1;1;1,,,13;2;1;1;1,,0,0,,,,,,,,,,0
500431,37;2;1;1;1,13;1;1;1;1,,37;2;1;1;1,13;2;1;1;1,,,,8;2;1;1;1,,0,0,,,,,,,,,,0
500441,,66;2;1;1;1,34;2;1;1;1,10;2;1;1;1,12;1;1;1;1,,,,14;2;1;1;1,,0,0,,,,,,,,,,0
500451,66;2;1;1;1,65;2;1;1;1,36;2;1;1;1,,8;2;1;1;1,,8;2;1;1;1,,,,0,0,,,,,,,,,,0
500461,63;1;0.5;0.8;1,63;1;0.5;0.8;1,63;1;0.5;0.8;1,63;1;0.5;0.8;1,63;1;0.5;0.8;1,63;1;0.5;0.8;1,63;1;0.5;0.8;1,63;1;0.5;0.8;1,63;1;0.5;0.8;1,,0,0,,,,,,,,,,0
500471,36;2;1;1;1,,14;2;1;1;1,,5;2;1;1;1,,29;2;1;1;1,37;2;1;1;1,,,0,0,,,,,,,,,,0
500481,,,14;2;1;1;1,36;2;1;1;1,,,9;2;1;1;1,14;2;1;1;1,37;2;1;1;1,,0,0,,,,,,,,,,0
500491,,31;2;1;1;1,,31;2;1;1;1,,,66;2;1;1;1,29;2;1;1;1,9;2;1;1;1,,0,0,,,,,,,,,,0
500501,29;2;1;1;1,66;2;1;1;1,107;2;1.6;1.2;1,5;2;1;1;1,36;2;1;1;1,,,,,,0,0,,,,,,,,,,0
500511,,29;2;1;1;1,,,66;2;1;1;1,12;2;1;1;1,,12;2;1;1;1,37;2;1;1;1,,0,0,,,,,,,,,,0
500521,,9;2;1;1;1,34;2;1;1;1,14;2;1;1;1,8;2;1;1;1,,14;2;1;1;1,,,,0,0,,,,,,,,,,0
500531,,,36;2;1;1;1,10;2;1;1;1,,13;2;1;1;1,,11;2;1;1;1,8;2;1;1;1,,0,0,,,,,,,,,,0
500541,,14;2;1;1;1,66;2;1;1;1,5;2;1;1;1,66;2;1;1;1,,,31;2;1;1;1,,,0,0,,,,,,,,,,0
500551,37;2;1;1;1,,13;2;1;1;1,5;2;1;1;1,,,10;2;1;1;1,31;2;1;1;1,,,0,0,,,,,,,,,,0
500561,60;1;0.5;0.8;1,60;1;0.5;0.8;1,60;1;0.5;0.8;1,60;1;0.5;0.8;1,60;1;0.5;0.8;1,60;1;0.5;0.8;1,60;1;0.5;0.8;1,60;1;0.5;0.8;1,60;1;0.5;0.8;1,,0,0,,,,,,,,,,0
500571,,12;2;1;1;1,10;2;1;1;1,,,34;2;1;1;1,,66;2;1;1;1,65;2;1;1;1,,0,0,,,,,,,,,,0
500581,,13;2;1;1;1,29;2;1;1;1,,,31;2;1;1;1,,66;2;1;1;1,5;2;1;1;1,,0,0,,,,,,,,,,0
500591,11;2;1;1;1,,66;2;1;1;1,34;2;1;1;1,11;3;1;1;1,,12;2;1;1;1,,,,0,0,,,,,,,,,,0
500601,11;2;1;1;1,12;2;1;1;1,8;2;1;1;1,,,5;2;1;1;1,,,108;3;1.6;1.2;1,,0,0,,,,,,,,,,0
500611,,29;2;1;1;1,10;2;1;1;1,,,12;2;1;1;1,,66;3;1;1;1,31;2;1;1;1,,0,0,,,,,,,,,,0
500621,,34;3;1;1;1,,12;2;1;1;1,10;2;1;1;1,,37;2;1;1;1,29;2;1;1;1,,,0,0,,,,,,,,,,0
500631,34;3;1;1;1,36;2;1;1;1,10;2;1;1;1,66;2;1;1;1,,12;2;1;1;1,,,,,0,0,,,,,,,,,,0
500641,31;3;1;1;1,12;2;1;1;1,,,10;2;1;1;1,,5;2;1;1;1,,8;3;1;1;1,,0,0,,,,,,,,,,0
500651,10;2;1;1;1,5;2;1;1;1,,8;2;1;1;1,,,,66;3;1;1;1,66;3;1;1;1,,0,0,,,,,,,,,,0
500661,43;1;0.5;0.8;1,43;1;0.5;0.8;1,43;1;0.5;0.8;1,43;1;0.5;0.8;1,43;1;0.5;0.8;1,43;1;0.5;0.8;1,43;1;0.5;0.8;1,43;1;0.5;0.8;1,43;1;0.5;0.8;1,,0,0,,,,,,,,,,0
500671,31;3;1;1;1,29;2;1;1;1,5;3;1;1;1,,,10;2;1;1;1,5;2;1;1;1,,,,0,0,,,,,,,,,,0
500681,,29;3;1;1;1,9;2;1;1;1,,11;2;1;1;1,5;3;1;1;1,,14;2;1;1;1,,,0,0,,,,,,,,,,0
500691,34;3;1;1;1,12;2;1;1;1,,66;2;1;1;1,36;3;1;1;1,10;3;1;1;1,,,,,0,0,,,,,,,,,,0
500701,,10;2;1;1;1,,117;3;1.6;1.2;1,66;2;1;1;1,,,11;3;1;1;1,36;3;1;1;1,,0,0,,,,,,,,,,0
500711,,14;3;1;1;1,5;3;1;1;1,,,,66;3;1;1;1,9;2;1;1;1,65;2;1;1;1,,0,0,,,,,,,,,,0
500721,13;2;1;1;1,,12;3;1;1;1,10;2;1;1;1,,34;3;1;1;1,36;3;1;1;1,,,,0,0,,,,,,,,,,0
500731,,,11;2;1;1;1,13;3;1;1;1,,14;3;1;1;1,12;3;1;1;1,29;2;1;1;1,,,0,0,,,,,,,,,,0
500741,,,36;3;1;1;1,10;2;1;1;1,10;3;1;1;1,66;3;1;1;1,,,66;3;1;1;1,,0,0,,,,,,,,,,0
500751,8;3;1;1;1,,5;3;1;1;1,37;3;1;1;1,,,14;2;1;1;1,,11;3;1;1;1,,0,0,,,,,,,,,,0
500761,4;1;0.5;0.8;1,4;1;0.5;0.8;1,4;1;0.5;0.8;1,4;1;0.5;0.8;1,4;1;0.5;0.8;1,4;1;0.5;0.8;1,4;1;0.5;0.8;1,4;1;0.5;0.8;1,4;1;0.5;0.8;1,,0,0,,,,,,,,,,0
500771,,,37;2;1;1;1,,13;3;1;1;1,8;3;1;1;1,31;3;1;1;1,,37;3;1;1;1,,0,0,,,,,,,,,,0
500781,36;3;1;1;1,,,13;3;1;1;1,34;3;1;1;1,,14;3;1;1;1,5;2;1;1;1,,,0,0,,,,,,,,,,0
500791,29;3;1;1;1,,,12;3;1;1;1,37;3;1;1;1,66;3;1;1;1,,,14;3;1;1;1,,0,0,,,,,,,,,,0
500801,13;3;1;1;1,10;3;1;1;1,9;3;1;1;1,65;3;1;1;1,107;3;1.6;1.2;1,,,,,,0,0,,,,,,,,,,0
500811,8;3;1;1;1,,12;3;1;1;1,37;3;1;1;1,,31;3;1;1;1,,29;3;1;1;1,,,0,0,,,,,,,,,,0
500821,,,31;3;1;1;1,,36;3;1;1;1,9;3;1;1;1,9;3;1;1;1,,65;3;1;1;1,,0,0,,,,,,,,,,0
500831,36;3;1;1;1,36;3;1;1;1,,14;3;1;1;1,,9;3;1;1;1,29;3;1;1;1,,,,0,0,,,,,,,,,,0
500841,,,36;3;1;1;1,8;3;1;1;1,,,65;3;1;1;1,31;3;1;1;1,37;3;1;1;1,,0,0,,,,,,,,,,0
500851,31;3;1;1;1,,14;3;1;1;1,,,10;3;1;1;1,,36;3;1;1;1,65;3;1;1;1,,0,0,,,,,,,,,,0
500861,59;1;0.5;0.8;1,59;1;0.5;0.8;1,59;1;0.5;0.8;1,59;1;0.5;0.8;1,59;1;0.5;0.8;1,59;1;0.5;0.8;1,59;1;0.5;0.8;1,59;1;0.5;0.8;1,59;1;0.5;0.8;1,,0,0,,,,,,,,,,0
500871,14;3;1;1;1,,34;3;1;1;1,14;3;1;1;1,29;3;1;1;1,12;3;1;1;1,,,,,0,0,,,,,,,,,,0
500881,29;3;1;1;1,,34;3;1;1;1,34;3;1;1;1,12;3;1;1;1,,13;3;1;1;1,,,,0,0,,,,,,,,,,0
500891,,14;3;1;1;1,,65;3;1;1;1,,66;3;1;1;1,11;3;1;1;1,65;3;1;1;1,,,0,0,,,,,,,,,,0
500901,29;3;1;1;1,,11;3;1;1;1,,,,31;3;1;1;1,119;3;1.6;1.2;1,36;3;1;1;1,,0,0,,,,,,,,,,0
500911,,31;3;1;1;1,9;3;1;1;1,,,29;3;1;1;1,65;3;1;1;1,,31;3;1;1;1,,0,0,,,,,,,,,,0
500921,,,66;3;1;1;1,29;3;1;1;1,,,12;3;1;1;1,9;3;1;1;1,9;3;1;1;1,,0,0,,,,,,,,,,0
500931,65;4;1;1;1,65;3;1;1;1,,31;3;1;1;1,14;3;1;1;1,12;3;1;1;1,,,,,0,0,,,,,,,,,,0
500941,,29;3;1;1;1,,36;3;1;1;1,66;4;1;1;1,12;3;1;1;1,,29;3;1;1;1,,,0,0,,,,,,,,,,0
500951,,12;3;1;1;1,,14;3;1;1;1,,12;3;1;1;1,12;4;1;1;1,,14;3;1;1;1,,0,0,,,,,,,,,,0
500961,29;1;0.5;0.8;1,29;1;0.5;0.8;1,29;1;0.5;0.8;1,29;1;0.5;0.8;1,29;1;0.5;0.8;1,29;1;0.5;0.8;1,29;1;0.5;0.8;1,29;1;0.5;0.8;1,29;1;0.5;0.8;1,,0,0,,,,,,,,,,0
500971,,13;3;1;1;1,14;4;1;1;1,13;3;1;1;1,5;3;1;1;1,,10;3;1;1;1,,,,0,0,,,,,,,,,,0
500981,9;3;1;1;1,,36;3;1;1;1,,,5;4;1;1;1,,29;4;1;1;1,8;3;1;1;1,,0,0,,,,,,,,,,0
500991,9;4;1;1;1,65;3;1;1;1,5;3;1;1;1,,11;4;1;1;1,,,8;3;1;1;1,,,0,0,,,,,,,,,,0
501001,65;3;1;1;1,141;4;1.6;1.2;1,36;4;1;1;1,,29;3;1;1;1,31;3;1;1;1,,,,,0,0,,,,,,,,,,0
501011,,,37;3;1;1;1,,,10;3;1;1;1,8;3;1;1;1,5;4;1;1;1,36;4;1;1;1,,0,0,,,,,,,,,,0
501021,,66;3;1;1;1,37;4;1;1;1,,29;3;1;1;1,9;3;1;1;1,,,13;4;1;1;1,,0,0,,,,,,,,,,0
501031,,,11;4;1;1;1,65;4;1;1;1,13;4;1;1;1,10;3;1;1;1,13;3;1;1;1,,,,0,0,,,,,,,,,,0
501041,12;4;1;1;1,,,14;3;1;1;1,14;4;1;1;1,31;4;1;1;1,,,13;3;1;1;1,,0,0,,,,,,,,,,0
501051,11;4;1;1;1,29;4;1;1;1,,37;3;1;1;1,,,65;3;1;1;1,66;4;1;1;1,,,0,0,,,,,,,,,,0
501061,99;1;0.5;0.8;1,99;1;0.5;0.8;1,99;1;0.5;0.8;1,99;1;0.5;0.8;1,99;1;0.5;0.8;1,99;1;0.5;0.8;1,99;1;0.5;0.8;1,99;1;0.5;0.8;1,99;1;0.5;0.8;1,,0,0,,,,,,,,,,0
501071,36;3;1;1;1,11;4;1;1;1,,,29;3;1;1;1,,9;4;1;1;1,13;4;1;1;1,,,0,0,,,,,,,,,,0
501081,,,8;4;1;1;1,10;4;1;1;1,37;3;1;1;1,31;4;1;1;1,,37;4;1;1;1,,,0,0,,,,,,,,,,0
501091,9;3;1;1;1,,12;4;1;1;1,,,37;4;1;1;1,37;4;1;1;1,,5;4;1;1;1,,0,0,,,,,,,,,,0
501101,,10;4;1;1;1,66;4;1;1;1,66;3;1;1;1,,11;4;1;1;1,109;4;1.6;1.2;1,,,,0,0,,,,,,,,,,0
501111,36;4;1;1;1,66;4;1;1;1,37;4;1;1;1,66;4;1;1;1,,12;3;1;1;1,,,,,0,0,,,,,,,,,,0
501121,,,66;4;1;1;1,,65;4;1;1;1,5;3;1;1;1,,34;4;1;1;1,37;4;1;1;1,,0,0,,,,,,,,,,0
501131,10;4;1;1;1,8;4;1;1;1,11;4;1;1;1,11;4;1;1;1,,12;4;1;1;1,,,,,0,0,,,,,,,,,,0
501141,,31;4;1;1;1,8;4;1;1;1,,,66;4;1;1;1,,66;4;1;1;1,12;4;1;1;1,,0,0,,,,,,,,,,0
501151,,37;4;1;1;1,12;4;1;1;1,37;4;1;1;1,,,31;4;1;1;1,34;4;1;1;1,,,0,0,,,,,,,,,,0
501161,1;4;0.5;0.8;1,1;4;0.5;0.8;1,1;4;0.5;0.8;1,1;4;0.5;0.8;1,1;4;0.5;0.8;1,1;4;0.5;0.8;1,1;4;0.5;0.8;1,1;4;0.5;0.8;1,1;4;0.5;0.8;1,,0,0,,,,,,,,,,0
501171,,11;4;1;1;1,,,31;4;1;1;1,,5;4;1;1;1,14;4;1;1;1,29;4;1;1;1,,0,0,,,,,,,,,,0
501181,,14;4;1;1;1,,10;4;1;1;1,12;4;1;1;1,10;4;1;1;1,,12;4;1;1;1,,,0,0,,,,,,,,,,0
501191,9;4;1;1;1,,14;4;1;1;1,5;4;1;1;1,5;4;1;1;1,,,,65;4;1;1;1,,0,0,,,,,,,,,,0
501201,13;4;1;1;1,,141;4;1.6;1.2;1,,5;4;1;1;1,12;4;1;1;1,37;4;1;1;1,,,,0,0,,,,,,,,,,0
501211,,,29;4;1;1;1,31;4;1;1;1,,29;4;1;1;1,66;4;1;1;1,,66;4;1;1;1,,0,0,,,,,,,,,,0
501221,,,65;4;1;1;1,,,65;4;1;1;1,10;4;1;1;1,12;4;1;1;1,66;4;1;1;1,,0,0,,,,,,,,,,0
501231,,65;4;1;1;1,,9;4;1;1;1,29;4;1;1;1,10;4;1;1;1,,,36;4;1;1;1,,0,0,,,,,,,,,,0
501241,12;4;1;1;1,8;4;1;1;1,,,,66;4;1;1;1,66;4;1;1;1,31;4;1;1;1,,,0,0,,,,,,,,,,0
501251,,31;4;1;1;1,12;4;1;1;1,36;4;1;1;1,,9;4;1;1;1,,,31;4;1;1;1,,0,0,,,,,,,,,,0
501261,15;4;0.5;0.8;1,15;4;0.5;0.8;1,15;4;0.5;0.8;1,15;4;0.5;0.8;1,15;4;0.5;0.8;1,15;4;0.5;0.8;1,15;4;0.5;0.8;1,15;4;0.5;0.8;1,15;4;0.5;0.8;1,,0,0,,,,,,,,,,0
501271,14;4;1;1;1,,29;4;1;1;1,9;4;1;1;1,29;4;1;1;1,,,,36;4;1;1;1,,0,0,,,,,,,,,,0
501281,12;5;1;1;1,37;4;1;1;1,31;4;1;1;1,29;4;1;1;1,36;4;1;1;1,,,,,,0,0,,,,,,,,,,0
501291,36;5;1;1;1,,,29;4;1;1;1,31;4;1;1;1,10;4;1;1;1,,13;4;1;1;1,,,0,0,,,,,,,,,,0
501301,12;4;1;1;1,37;4;1;1;1,12;4;1;1;1,,,,5;4;1;1;1,119;5;1.6;1.2;1,,,0,0,,,,,,,,,,0
501311,9;4;1;1;1,,,,13;4;1;1;1,66;5;1;1;1,,29;4;1;1;1,13;4;1;1;1,,0,0,,,,,,,,,,0
501321,,11;4;1;1;1,66;4;1;1;1,12;4;1;1;1,,,11;4;1;1;1,34;5;1;1;1,,,0,0,,,,,,,,,,0
501331,,14;4;1;1;1,,37;4;1;1;1,5;5;1;1;1,14;4;1;1;1,31;5;1;1;1,,,,0,0,,,,,,,,,,0
501341,12;4;1;1;1,13;4;1;1;1,14;4;1;1;1,,,,,5;5;1;1;1,5;5;1;1;1,,0,0,,,,,,,,,,0
501351,34;5;1;1;1,29;4;1;1;1,,,29;4;1;1;1,,,66;5;1;1;1,12;4;1;1;1,,0,0,,,,,,,,,,0
501361,20;4;0.5;0.8;1,20;4;0.5;0.8;1,20;4;0.5;0.8;1,20;4;0.5;0.8;1,20;4;0.5;0.8;1,20;4;0.5;0.8;1,20;4;0.5;0.8;1,20;4;0.5;0.8;1,20;4;0.5;0.8;1,,0,0,,,,,,,,,,0
501371,,,9;4;1;1;1,65;5;1;1;1,10;5;1;1;1,,10;4;1;1;1,,12;4;1;1;1,,0,0,,,,,,,,,,0
501381,13;5;1;1;1,,9;4;1;1;1,,37;5;1;1;1,34;4;1;1;1,34;5;1;1;1,,,,0,0,,,,,,,,,,0
501391,31;4;1;1;1,11;4;1;1;1,37;5;1;1;1,,13;5;1;1;1,,,,29;5;1;1;1,,0,0,,,,,,,,,,0
501401,,,8;5;1;1;1,34;4;1;1;1,10;5;1;1;1,,,109;5;1.6;1.2;1,36;4;1;1;1,,0,0,,,,,,,,,,0
501411,34;4;1;1;1,29;4;1;1;1,8;5;1;1;1,,,,,34;5;1;1;1,65;5;1;1;1,,0,0,,,,,,,,,,0
501421,65;5;1;1;1,,,31;5;1;1;1,,14;4;1;1;1,,9;5;1;1;1,31;4;1;1;1,,0,0,,,,,,,,,,0
501431,,14;4;1;1;1,12;5;1;1;1,11;5;1;1;1,37;5;1;1;1,5;5;1;1;1,,,,,0,0,,,,,,,,,,0
501441,,,,14;5;1;1;1,10;5;1;1;1,31;5;1;1;1,37;5;1;1;1,,34;4;1;1;1,,0,0,,,,,,,,,,0
501451,8;5;1;1;1,31;5;1;1;1,5;5;1;1;1,10;4;1;1;1,,,,,9;5;1;1;1,,0,0,,,,,,,,,,0
501461,63;4;0.5;0.8;1,63;4;0.5;0.8;1,63;4;0.5;0.8;1,63;4;0.5;0.8;1,63;4;0.5;0.8;1,63;4;0.5;0.8;1,63;4;0.5;0.8;1,63;4;0.5;0.8;1,63;4;0.5;0.8;1,,0,0,,,,,,,,,,0
501471,,,34;5;1;1;1,,34;5;1;1;1,,12;5;1;1;1,5;4;1;1;1,14;5;1;1;1,,0,0,,,,,,,,,,0
501481,,,,31;5;1;1;1,65;5;1;1;1,13;5;1;1;1,,29;5;1;1;1,31;5;1;1;1,,0,0,,,,,,,,,,0
501491,,34;5;1;1;1,,,,8;5;1;1;1,66;5;1;1;1,29;5;1;1;1,12;5;1;1;1,,0,0,,,,,,,,,,0
501501,,,,,12;5;1;1;1,119;5;1.6;1.2;1,5;5;1;1;1,12;5;1;1;1,36;5;1;1;1,,0,0,,,,,,,,,,0
501511,,31;5;1;1;1,66;5;1;1;1,,66;5;1;1;1,,,12;5;1;1;1,65;5;1;1;1,,0,0,,,,,,,,,,0
501521,,,37;5;1;1;1,13;5;1;1;1,5;5;1;1;1,,,8;5;1;1;1,29;5;1;1;1,,0,0,,,,,,,,,,0
501531,36;5;1;1;1,,,,,65;5;1;1;1,37;5;1;1;1,31;5;1;1;1,37;5;1;1;1,,0,0,,,,,,,,,,0
501541,5;5;1;1;1,,65;5;1;1;1,,29;5;1;1;1,,,37;5;1;1;1,10;5;1;1;1,,0,0,,,,,,,,,,0
501551,,29;5;1;1;1,34;5;1;1;1,,12;5;1;1;1,37;5;1;1;1,,9;5;1;1;1,,,0,0,,,,,,,,,,0
501561,60;4;0.5;0.8;1,60;4;0.5;0.8;1,60;4;0.5;0.8;1,60;4;0.5;0.8;1,60;4;0.5;0.8;1,60;4;0.5;0.8;1,60;4;0.5;0.8;1,60;4;0.5;0.8;1,60;4;0.5;0.8;1,,0,0,,,,,,,,,,0
501571,,,8;5;1;1;1,8;5;1;1;1,,31;5;1;1;1,,10;5;1;1;1,14;5;1;1;1,,0,0,,,,,,,,,,0
501581,11;5;1;1;1,12;5;1;1;1,,37;5;1;1;1,,31;5;1;1;1,,29;5;1;1;1,,,0,0,,,,,,,,,,0
501591,36;5;1;1;1,,12;5;1;1;1,10;5;1;1;1,,,,12;5;1;1;1,12;5;1;1;1,,0,0,,,,,,,,,,0
501601,9;5;1;1;1,13;5;1;1;1,34;5;1;1;1,,,,146;5;1.6;1.2;1,14;5;1;1;1,,,0,0,,,,,,,,,,0
501611,,66;5;1;1;1,12;5;1;1;1,,31;5;1;1;1,36;5;1;1;1,,8;5;1;1;1,,,0,0,,,,,,,,,,0
501621,66;5;1;1;1,,,34;5;1;1;1,66;6;1;1;1,65;5;1;1;1,,,14;5;1;1;1,,0,0,,,,,,,,,,0
501631,9;6;1;1;1,,12;5;1;1;1,29;5;1;1;1,5;5;1;1;1,,,,10;5;1;1;1,,0,0,,,,,,,,,,0
501641,,34;5;1;1;1,,10;5;1;1;1,65;5;1;1;1,,9;6;1;1;1,9;5;1;1;1,,,0,0,,,,,,,,,,0
501651,13;5;1;1;1,,66;5;1;1;1,,10;6;1;1;1,10;5;1;1;1,9;5;1;1;1,,,,0,0,,,,,,,,,,0
501661,43;4;0.5;0.8;1,43;4;0.5;0.8;1,43;4;0.5;0.8;1,43;4;0.5;0.8;1,43;4;0.5;0.8;1,43;4;0.5;0.8;1,43;4;0.5;0.8;1,43;4;0.5;0.8;1,43;4;0.5;0.8;1,,0,0,,,,,,,,,,0
501671,,8;6;1;1;1,,11;5;1;1;1,,37;5;1;1;1,34;5;1;1;1,,5;6;1;1;1,,0,0,,,,,,,,,,0
501681,66;6;1;1;1,31;5;1;1;1,,34;5;1;1;1,8;6;1;1;1,,,8;5;1;1;1,,,0,0,,,,,,,,,,0
501691,,,13;5;1;1;1,10;6;1;1;1,9;6;1;1;1,,8;5;1;1;1,10;5;1;1;1,,,0,0,,,,,,,,,,0
501701,13;5;1;1;1,,,,,65;5;1;1;1,146;6;1.6;1.2;1,9;6;1;1;1,8;5;1;1;1,,0,0,,,,,,,,,,0
501711,,9;5;1;1;1,8;6;1;1;1,,,,9;5;1;1;1,14;6;1;1;1,65;5;1;1;1,,0,0,,,,,,,,,,0
501721,31;5;1;1;1,,5;5;1;1;1,,,,65;6;1;1;1,34;6;1;1;1,36;6;1;1;1,,0,0,,,,,,,,,,0
501731,31;5;1;1;1,36;6;1;1;1,,,66;6;1;1;1,14;6;1;1;1,,12;5;1;1;1,,,0,0,,,,,,,,,,0
501741,13;6;1;1;1,36;5;1;1;1,37;6;1;1;1,,,13;6;1;1;1,,,10;5;1;1;1,,0,0,,,,,,,,,,0
501751,,,34;6;1;1;1,65;6;1;1;1,10;5;1;1;1,,29;6;1;1;1,11;5;1;1;1,,,0,0,,,,,,,,,,0
501761,4;4;0.5;0.8;1,4;4;0.5;0.8;1,4;4;0.5;0.8;1,4;4;0.5;0.8;1,4;4;0.5;0.8;1,4;4;0.5;0.8;1,4;4;0.5;0.8;1,4;4;0.5;0.8;1,4;4;0.5;0.8;1,,0,0,,,,,,,,,,0
501771,34;6;1;1;1,,37;5;1;1;1,9;6;1;1;1,,,,34;6;1;1;1,8;6;1;1;1,,0,0,,,,,,,,,,0
501781,,10;6;1;1;1,,36;6;1;1;1,36;6;1;1;1,,66;5;1;1;1,31;6;1;1;1,,,0,0,,,,,,,,,,0
501791,,,,36;6;1;1;1,65;6;1;1;1,11;6;1;1;1,,34;6;1;1;1,9;5;1;1;1,,0,0,,,,,,,,,,0
501801,,65;6;1;1;1,11;6;1;1;1,10;6;1;1;1,,,107;6;1.6;1.2;1,,8;5;1;1;1,,0,0,,,,,,,,,,0
501811,,36;6;1;1;1,5;6;1;1;1,,,14;6;1;1;1,37;6;1;1;1,,34;5;1;1;1,,0,0,,,,,,,,,,0
501821,37;6;1;1;1,9;6;1;1;1,,36;6;1;1;1,5;6;1;1;1,,,10;6;1;1;1,,,0,0,,,,,,,,,,0
501831,10;6;1;1;1,65;6;1;1;1,,,,11;6;1;1;1,,13;6;1;1;1,10;6;1;1;1,,0,0,,,,,,,,,,0
501841,,65;6;1;1;1,,12;6;1;1;1,9;6;1;1;1,,,14;6;1;1;1,66;6;1;1;1,,0,0,,,,,,,,,,0
501851,65;6;1;1;1,5;6;1;1;1,,,9;6;1;1;1,,10;6;1;1;1,,31;6;1;1;1,,0,0,,,,,,,,,,0
501861,59;4;0.5;0.8;1,59;4;0.5;0.8;1,59;4;0.5;0.8;1,59;4;0.5;0.8;1,59;4;0.5;0.8;1,59;4;0.5;0.8;1,59;4;0.5;0.8;1,59;4;0.5;0.8;1,59;4;0.5;0.8;1,,0,0,,,,,,,,,,0
501871,,8;6;1;1;1,12;6;1;1;1,9;6;1;1;1,,,37;6;1;1;1,37;6;1;1;1,,,0,0,,,,,,,,,,0
501881,,13;6;1;1;1,,12;6;1;1;1,,9;6;1;1;1,,10;6;1;1;1,8;6;1;1;1,,0,0,,,,,,,,,,0
501891,13;6;1;1;1,,12;6;1;1;1,65;6;1;1;1,,8;6;1;1;1,65;6;1;1;1,,,,0,0,,,,,,,,,,0
501901,34;6;1;1;1,13;6;1;1;1,5;6;1;1;1,,,,29;6;1;1;1,,146;6;1.6;1.2;1,,0,0,,,,,,,,,,0
501911,,34;6;1;1;1,65;6;1;1;1,,,37;6;1;1;1,9;6;1;1;1,,12;6;1;1;1,,0,0,,,,,,,,,,0
501921,,29;6;1;1;1,29;6;1;1;1,65;6;1;1;1,,11;6;1;1;1,37;6;1;1;1,,,,0,0,,,,,,,,,,0
501931,,,31;6;1;1;1,,5;6;1;1;1,65;6;1;1;1,14;6;1;1;1,34;6;1;1;1,,,0,0,,,,,,,,,,0
501941,65;6;1;1;1,,5;6;1;1;1,,,,8;6;1;1;1,37;6;1;1;1,12;6;1;1;1,,0,0,,,,,,,,,,0
501951,10;6;1;1;1,,,9;6;1;1;1,9;6;1;1;1,5;6;1;1;1,,14;6;1;1;1,,,0,0,,,,,,,,,,0
501961,29;4;0.5;0.8;1,29;4;0.5;0.8;1,29;4;0.5;0.8;1,29;4;0.5;0.8;1,29;4;0.5;0.8;1,29;4;0.5;0.8;1,29;4;0.5;0.8;1,29;4;0.5;0.8;1,29;4;0.5;0.8;1,,0,0,,,,,,,,,,0
501971,,66;6;1;1;1,,,9;6;1;1;1,,9;6;1;1;1,65;6;1;1;1,31;6;1;1;1,,0,0,,,,,,,,,,0
501981,,34;6;1;1;1,31;6;1;1;1,,,10;6;1;1;1,13;6;1;1;1,65;6;1;1;1,,,0,0,,,,,,,,,,0
501991,29;6;1;1;1,,10;6;1;1;1,8;6;1;1;1,,31;6;1;1;1,9;6;1;1;1,,,,0,0,,,,,,,,,,0
502001,31;6;1;1;1,,,,11;6;1;1;1,9;6;1;1;1,,10;6;1;1;1,141;6;1.6;1.2;1,,0,0,,,,,,,,,,0
600011,162;5;0.8;1;0.8,,159;5;0.8;1;0.8,157;5;0.8;1;0.8,,155;5;0.8;1;0.8,160;5;0.8;1;0.8,,,,0,0,,,,,,,1.3,,,0
600012,162;5;0.8;1;0.8,,,158;5;0.8;1;0.8,156;5;0.8;1;0.8,161;5;0.8;1;0.8,,155;5;0.8;1;0.8,,8,0,0,,,,,,,1.3,,,0.5
600021,159;5;0.8;1;0.8,,162;5;0.8;1;0.8,,160;5;0.8;1;0.8,156;5;0.8;1;0.8,,,161;5;0.8;1;0.8,,0,0,,,,,,,,,1.3,0
600022,,,155;5;0.8;1.1;0.8,158;5;0.8;1.1;0.8,155;5;0.8;1.1;0.8,157;5;0.8;1.1;0.8,,,157;5;0.8;1.1;0.8,9,0,0,,,,,,,,,1.3,0.5
600031,,159;5;0.8;1.1;0.8,160;5;0.8;1.1;0.8,161;5;0.8;1.1;0.8,,158;5;0.8;1.1;0.8,,157;5;0.8;1.1;0.8,,,0,0,,,,,,,,1.3,,0
600032,162;5;0.8;1.1;0.8,157;5;0.8;1.1;0.8,,155;5;0.8;1.1;0.8,156;5;0.8;1.1;0.8,,158;5;0.8;1.1;0.8,,,7,0,0,,,,,,,1.3,,,0.5
600111,162;5;0.8;1;0.8,,162;5;0.8;1;0.8,156;5;0.8;1;0.8,,161;5;0.8;1;0.8,162;5;0.8;1;0.8,,,,0,0,,,,,,,,,,0
600121,155;5;0.8;1;0.8,,,158;5;0.8;1;0.8,161;5;0.8;1;0.8,160;5;0.8;1;0.8,161;5;0.8;1;0.8,,,,0,0,,,,,,,,,,0
600131,160;5;0.8;1;0.8,,162;5;0.8;1;0.8,,157;5;0.8;1;0.8,159;5;0.8;1;0.8,,,160;5;0.8;1;0.8,,0,0,,,,,,,,,,0
600112,,,,,51;5;5;1.1;0.8,,,,,5,0,0,,,,,,,,,,0.5
600122,,,,,53;5;5;1.1;0.8,,,,,5,0,0,,,,,,,,,,0.5
600132,,,,,50;5;5;1.1;0.8,,,,,5,0,0,,,,,,,,,,0.5
